Date,Title,Link,Publisher
2026-01-08 12:32:05,Why Indias Overreliance on Russian S-400 Missile Defence Systems is a Strategic Gamble - TheWire.in,https://news.google.com/rss/articles/CBMiwgFBVV95cUxPQW9tbDFPeW1rZktRaERMUHlNWmRQNDNPQmR5YXc4MG9ETVYyWmF6ZlBoYzc5dDVRY1lMa3pCLTVqV08zNTVjcXVBZnNSNTBmcExJQlI0R08tVkk1cy1uZndNNVFQTUJ0VUhzcHJRN0FPNW5zOFlJMWFhZ0ROYUN3SXV4dzlsM1pJYWc4QVNoTkFSb05MUm4tOEFzb3EtMmh0SHRLSjExZmROMkp5Qzg0ZXMxS205R0h6M01aTGlZNW5WZ9IByAFBVV95cUxNb3B1d2ppaHNvUTlFZ29vSnBvRzFwaVZ3TjhFSThYUUZNMDJVYVBmb2lBR2lKYUlLZW44XzNqbjdiRFM5MUxpTU5xOXEwR0IzeFZudVVRRGhTY1dJU3V2R3RyVHdqRXFYbk5meVZkdnFOTjVSaVJmU2s1aXRJNEFtbkxILXRDRURGbjRZUkdPRTdfU3pRWkVoemNwdURKSE80anlJcDB0bGU4OF9LcHNoUWVTZkhvS3JzcWgzampQcUxCM2dBTWFzSw?oc=5&hl=en-US&gl=US&ceid=US:en,TheWire.in
2026-01-10 19:00:00,Parents on RFK Jr.’s advice on sweets: ‘Completely unrealistic’ - Politico,https://news.google.com/rss/articles/CBMikAFBVV95cUxNdzZhclAzeDJEQnYyUVJJUkFpcEJ6NTNoU3Q5Q3l2N0JnRDliM3lQcEkwNVliX202d01ZOHg5SXNMOEQ3R1NlbGhNeGdfSVU1R3pmRmNoVnl3VVhJZF9pYlRDNXZ1dEk3SGR2SklBcFNFOEFqVVdSOWI0UWJubTlRWEo0OHhMZkl6VkRpQTJOTWE?oc=5&hl=en-US&gl=US&ceid=US:en,Politico
2026-01-10 09:14:12,Mahindra Vision.S spotted testing again; Inches closer to 2027 launch | Hindustan Times - Hindustan Times,https://news.google.com/rss/articles/CBMiyAFBVV95cUxQMXd2d3NOZFBoaVZjNUlWaTJrVzhzVEZqQU5IS0FVU3A1MmpwSjdxRjQybWdUVVpRdDhSMEJXdlZRYk5MeUZTRkpDdF82ak9wb2JPOHI3bUJZYmtNZjZ5NV9JdWF4c2RZRGp2RDFQOWdLYjVueVd3aHF5R0NVNnVrWWE5U3ktUWdXM0VUY0J0WFZiMEptQXRIZXR6QUpzTGFGMVBLbzdkakJETFh3cXNmZzFlbmp6Z096Si1FeVVnMmhCQU9fbmVmUdIBzgFBVV95cUxPcnBBdjFXNGRLUFBtZmFyRG5OY251bnZERWU5MzNtbkJhMlRHQl9EaWRoUHphUk9ldDBydUVzNEx6LXFUb2pYdllWempYXzBkOTNvX1VUaGlnYmRJNmgxbE10ZWxTYXZRYlk3RHdzSHVjQmNXOGJEY0VUczNzaDZXRlZFNWJLbi1kVndYUGxIZWNJcTNYWklXd3BRNXY2bnA5cFhjaXNOZW1nWFkxOHhpX0tfR0R6NXVoUzR1TXR5VGlTTDdkVmp4V1ZiS0U1UQ?oc=5&hl=en-US&gl=US&ceid=US:en,Hindustan Times
2026-01-09 23:55:24,‘JD(S)-BJP will win 150 seats’: Nikhil Kumaraswamy - Deccan Herald,https://news.google.com/rss/articles/CBMinwFBVV95cUxQODJTemxSMHE3LWdNLXZkclpMS3RGVng2WWRFMWtudl9lTTJGWmIzRFFmajJRT1dreXFJRzBNbVNFS0VtZ2JiX1FNSWNjTzY2bDNnN24zNzZaQTJrUHRLVmZFaDBHWDZLb0JpZ0xUNVZ0S3BSWjRxay1TaC1DemQzN3NJWExvaU03cFNXclR2WXJNdjdMb2QyUjBvczFPRFk?oc=5&hl=en-US&gl=US&ceid=US:en,Deccan Herald
2026-01-09 15:33:00,"Russia Joins Chinese, Iranian Warships for Drills Off S. Africa - The Moscow Times",https://news.google.com/rss/articles/CBMirwFBVV95cUxNU2FCQUMxYUtvMXRfYXVrXzM4U1JWVXhnbmN4OGxuU1VLUVNJNW9rN1g5UHBTTVdiemtFQkpmcDhpZjNoNmxPOGdYYUsyZ2o5dDY3QkozY1U0SFdqa1BYTWxVT1c4bDB1M0xpcFZkd0JpWHdEYjRpVUsxYWhXQTJ1bmlYa2M4dlVQakpWU1lTRW42V2tlRW5jZlZrM2Ezb3NCWWlZOGZuUDkwb2xBcnlv?oc=5&hl=en-US&gl=US&ceid=US:en,The Moscow Times
2026-01-11 00:43:00,"BJP and JD(S) accuse Congress of misleading people on VB-G RAM G scheme, welcome special session - The Hindu",https://news.google.com/rss/articles/CBMi9AFBVV95cUxNT3VwU0FBN1ZLWDAyTWdxRUFWNjJFMUdEbkJGU1g1YnotVUJqVTVPSDhsZ0sxTElMX3NHMVAyQjc4Z3lWRnJQczFWS3l2V21ncXByTDl6eDFpbXVhcU1ia2VaQ0VlR0VRWDc3UlFXZGlaTkR6Y3FsMGM0QVZLendiazNFbnRqSHFjVGtZUUZJakdJb1JLbjdUeFpBX3h1U2ZhaWViSXY5WW9GcmIwM0I5TDc1WUl2OWxtNHpkR2RpUGtPNkRQWEpzWHdTeUpRaVZKaGRjeUV0MkJuTmpuMlhQamtjWmdPVkw1T3NmUlgzc1kzdWk50gH7AUFVX3lxTE5HM3NLQjFUU0JfMUE0YTRiay1XdkV1NVROUllyNEFhb0ttWm12TmM3WVlTU2E2VG81bFZwV1ptY1lLR2RjTXlWeUpDMTdWQmllSk5lR0tsVEFDX1g5bkI1ZkVzMHNrTzdwck56Y0NsUGQ4X0pjZGtJa2Y0MXZMbGpZSWxiaVN2OTVUWTJ4WFExckY0YnZVb3RROVVnR0pwY3pPTkY1OGRlRmdnSEZQQngzc3RLNmFFNkNmcnV6Ni1qR3NIMFBfT29pT2MwSGJPemFYNzU0eExUMTNJdl9rRmc4RTQ3YkxVbmkyREVsdnFXVkQ2VEZjUTluak1v?oc=5&hl=en-US&gl=US&ceid=US:en,The Hindu
2026-01-10 02:30:11,"Manu S. Pillai: How purdah shaped women, power and politics in India - livemint.com",https://news.google.com/rss/articles/CBMipgFBVV95cUxQb3VGalY4STdUdlNTdWRMSkIyWVJBLTA2WUNPZ280NG1mMGtqUHE1SXpzSi1aU1ZPVUFnUkNDSnVvdmhOS2lNSmZQYjJmUmt5di01VGJTVEplTG1uU1RQcE5FQm1fYkNzdmdxSDVoREFkM2dFOU5UblFpWnZPd3BFZVJiNWxYMXlxVWJvNGtDOEhqSl9DVkNiSXNJRG9JS2MyLVFQdElB0gGrAUFVX3lxTE9sQ3dDZmptWDIyNDVvUnhST3p5eW9ZbVFKQi1VRkhCU0JmeE1TYll5dWpkMDhCOG1oZzZsZWxzMVZ4RHNSZFlRZDQyTG1JVHMtYnZXYkY1TmhlZEcyWWlmTnFYOHJKRjg2VWVGNVp6VVlTQjNSLUpyWUd4bVFZdmtnc3oteDVXYy1WdFB4RWFTSmFKWHpubDBDcEU3UHJQM3NuZjJPcUV6WlNFSQ?oc=5&hl=en-US&gl=US&ceid=US:en,livemint.com
2026-01-10 08:18:02,Former CPM MLA S Rajendran likely to join BJP; holds talks with Rajeev Chandrasekhar - Onmanorama,https://news.google.com/rss/articles/CBMixgFBVV95cUxPWlhhM24tY2pidVdmYktvNHF2R3NYU01KNVdtNUljZnBDV2JZRjZydXJ2d1VOWTMzNU5ubVlHN3NreGo5bjZ6d2luQU5JcjFUZXE2dGZ0cm11RUtlSFBPSGRXYTFWeG1kcTd3bnFXdzl1c2VBTXhMcjlkY2k1ZEpROWxPR01lVjFIdHlub0I4UlZ1bWdiQnRuWWVDR2hsT2VXeUJJMW5xbGRGSTZ2dGJNTHFWNmxJWlVnZS1oYWhSRVlBbFZqaEE?oc=5&hl=en-US&gl=US&ceid=US:en,Onmanorama
2026-01-11 07:15:56,"BJP, JD(S) welcome special session on VB-G RAM G - The Hans India",https://news.google.com/rss/articles/CBMilwFBVV95cUxOODNyamJHYTBiLTFVY0JESldGZlQtc1pZbWhURTJjMVR1b0h6c05QOWNUcjIwMVFKcUs2a0ZMUjBfS1VuNW4zbHF3cF9jY3hROGRDb0FoaDlPWjNGLVhJa2ZnUTBKZ1BYbzZNTERUNktFUXg0b1JtZ3FySm9vM2FOQWEyYXcwMG5NR0dQd2ZtcERQQVdhZmQ40gGcAUFVX3lxTE95MmM5eWNNTktkbWUyaTBRUlFEQ3RQZVhMLVhCRFRxeHRIY0JKSkVVNzJ3djVWTHpnc0lHMklpOXZTQmVQWWdiTlNyaTlZUjk2b05fNExpRGE2cDR4dEo2Rm5iYl9FT3FHdm41LThYUFhfRnpOaUZ2dUo0aUdaSGJaNEZSWE5TUGZ5Q2NBOGkteXF3bEhidnV0R1NmNg?oc=5&hl=en-US&gl=US&ceid=US:en,The Hans India
2026-01-10 14:41:00,Former CPM legislator S Rajendran to join BJP - The Statesman,https://news.google.com/rss/articles/CBMinAFBVV95cUxNa0hwcTRPTEFpMWJzWFEyT2RGelBxOFlsV0JJLUxiaEFtYjdUOW15c1BYMURMenpzNkhSOWF2UHd0UUlBd3VOQjdwcWtVV1FoUHhIbEJQckFiWVJSa1V5ZkVkZEdHSEYwRkJVVUpGaVpuek0yNU05MjhMS1dsQXZncEE2ZU1mUnJseWw1MXZmSE1palVxdU9GenFOWknSAaIBQVVfeXFMT0tUVVA3WkctcUhTVDh6XzlyclFzYjNpbUgyZl80Z0NQb3F0NVFzR0J3OXlQTHdsb0ViUHRJTUgzYnJhRlZaeWZoR3VRamMtT1NnY1lVRWRkUk8zaGVfdTdudDRuaGU3VDVTbG1ueGItbUpWY1g5ZTdXRWRxZXpoeVVWcWVxN1haRUhXclE2TWJUUWlVWWZPRHE4UEFuUEtyZUx3?oc=5&hl=en-US&gl=US&ceid=US:en,The Statesman
2026-01-11 07:08:20,Arbitration | Lack Of S. 21 Notice Not Fatal If Claim Is Otherwise Valid & Arbitrable : Supreme Court - Live Law,https://news.google.com/rss/articles/CBMi0gFBVV95cUxQM3ZhSXhOYUdJaElsbi1ULWhwRjkyNFg1TmpibkRxSDVVR3lmdWFob0tmVDJvblQyZWhsV3dfeWJpUDk2bU5WWW9jR19hOEY3cExaSndGbjNrZ3k1UXROZFlaZ3BfNlgtYUMtNGd4VkQtc19xNTYtMmlOM0FlWXBJdEdQYXNNazY5UHcwaGpQR25EVUVZcUJfUHN0MUVuaGJMcWkwaUVqZXFlZHlCWnBSNTRmdHgxSWdtNC1vR3dBdXQ4SkJJbDh3OTZUWk10blhGMWc?oc=5&hl=en-US&gl=US&ceid=US:en,Live Law
2026-01-11 07:06:37,"Data, trust, and technology will decide India’s next harvest, says Ajay S. Shriram - Fortune India",https://news.google.com/rss/articles/CBMivgFBVV95cUxQR29ySUpHZHdMbFJjVXNRbE9qcG9neGRwdU1GRy1PNm9vSUE2TDAyczQwM1J3ZDlvWU1hcks3WlBsZVdvNzRyRUpBdG5qcDZqV0RMc3FocXR5azZQV2tUUVdMOFNkYkhDTlVKQl80aEtCVXZHOFFYYmg0NjhjRlBubFM2TEcxRnBoRzB1WC0tYlZuQVZ4QjNreUZUckpLaHVNYTlZZVlabTBVM1NLUktpZlVnaXlFRVBaWDVWYWtR0gHLAUFVX3lxTE1YN29uQ1ExX0pCVVlGa3I2TWdNSlpFQWt1UEY2QUIycVZJTjJnMFVzcUxCTmVWelB4bWtuNFhGcHBkbVYwREZfVXRoakRhWlk4RWlXVTA3cVB6MVpqU0liTGZyQW9FdEk1clY4Qy1vNnNxamxLUGJWcU1acjZSZFQwTUc3Z2JzM0x4dlpUMnYxQW4ycVA2WG9OT2VsLVlNMlBib1EwaXBYdWNUUlhSWjJ2cjU2dEdLOU41Y3JRakNydGZlWWpSaXBlb3lR?oc=5&hl=en-US&gl=US&ceid=US:en,Fortune India
2026-01-11 04:47:00,"Science ministry, Nvidia share view on setting up research centre in S. Korea - IANS LIVE",https://news.google.com/rss/articles/CBMisAFBVV95cUxOUzQydmZMaWYyeTV2MjMzRVNtamx0eFFZNWtMY1hHWU4tcmN6d2VkNnNSVy13VUpFZlZwVExYNTRubFF4NG40Z2VYTktJMEV0eWpxQXA3VUVKbDBWbTJsbUh6VV9SRExuWk1fTnFPeXNySGNPczY2MDlIT013aENjbTZ0bWR1bW1nNzlIZ2s2SWIwQmVXSHpTcjlNcW5KSGZQbm81dlpFNXFDSGU4YTJZcA?oc=5&hl=en-US&gl=US&ceid=US:en,IANS LIVE
2026-01-11 06:00:11,S. 498A IPC Not A Panacea For All Matrimonial Ills; It Is Meant To Address Grave Cruelty: Karnataka High... - Verdictum,https://news.google.com/rss/articles/CBMiyAFBVV95cUxOOUNtdTlsRUhvQkZBeVZ6MUcwMktqeXJXT1doLWZqVTBVTThIeFBqTTdwazk0aFJ4M3kwQmU3bmdwVldBajllend2a0E5SzZVTExJSnRXOGNEamRFb0thMFhoYk51b2NkNHZqVHQ5NS1aaDUwWHY0cVpLWXhaWmxzZDdqS1VzcElpUmFsbjFuU3ZtZm1VWU1mYkxfcjdiQklPNl85cDZOWEJ1bGhFZTIxYzZrVHdpNXVmYWRfSDRBbEZjX1VpNURGTNIBzgFBVV95cUxNU0dFTENzRVJqeWx2ODZHYUw2ckNjbUpOSEVORTQ5Vzl1WU1ncFg0c3h3YUhQWm5ZRkhHblRROHVqaTJhUkFEUi1xMGVFaVJpT1pRQjhwenhoV2V4V1ZHWkVhLUlKUm5uYU9KT2tWdmNtaVd4eHlBcG52Wng2TjVDLUptalo3VTc1QmZEU05zdzk4YXh0TVRhQjE5N0E4S0p6UmlHVHRzNF92LUZKVmxnRmlyYTNTejhMdVFqZmtZcEhlQWNZTFVqSGluX1hKUQ?oc=5&hl=en-US&gl=US&ceid=US:en,Verdictum
2026-01-10 22:43:00,V R Prabodhachandran Nair to receive S Guptan Nair Foundation award - Times of India,https://news.google.com/rss/articles/CBMi6AFBVV95cUxQTkhzdk52Y2xNVlJ6bkJiM3hGeVBBRTVqS2JabTBieGVRbVdyTDN3NkpqSmJzVU83TnFjaVctQVM3Nmw0U08yTW9LZkVycWV1UW11d1Ixd0tTYzBIb2tIMzJwTmIyR3licUdLNUNEckhsYUx6eUxBRjFYeDg0WURmWUlFemtsWWpQay1FRkpia1g5TXBWT2xGeEdpSGdNWWJ2Y3V3Uk5INEUzVmF2bnBiX2pCVHFuZXNTSFBHdzZuWFhDajJhYmlGVWJXTGREcWxaeVJtbHljMEVoeHV0bGRwQ3phVnVNUUpm0gHuAUFVX3lxTE1mQm02VGJ6ZmliQjZRMEU4Tm9mMVBTNDN5WExpTHRxdzZTRjBHQ1pZRmFZVmRJdE1peFlrZV9EZFRNcXdvcGZIaTNWRk5INmoyT0lBb2hVM2hucS0zOUZoTkZ3Q1AtTTRoYlFPYXVCX3ZfQkhjZE1TYXRRd3ZOM1BRc2pGaFY2Qjk1d19sNGxIRjRxM1RsMm1ZSEl5OTFxcXZWNkY3a3Z3ZjlQamxGMjNteVgwMXZJdWpGOWNVT3FaalRTMElfZm9UMTVTQmtybXBEVEJKSHg3ZkowYUFyVzNHZFlOT0FoU2xpQS1BcFE?oc=5&hl=en-US&gl=US&ceid=US:en,Times of India
2026-01-11 03:24:07,"Yuva Nidihi response an eye-opener, says VTU VC Dr S Vidyashankar in Bengaluru - The New Indian Express",https://news.google.com/rss/articles/CBMi1gFBVV95cUxOWUMxTmZzS2hDVHlRWTQ1TURTbU4tTGNzdWpxWEVOVWpIOVpfWTdVNUF1cHRZX21yVDB2ZnFXVHV4emxMeE5lUHRvQnBlN09LWWxXdXpsWHBOclFDbGMzcDIzR09NUEFHRHprMjVJWlA2SW5nOThSalhFaXNyTW5PUXV6ZlhJOHJVZWtrc3Z0X0pqZGVfRGlOY3Z6UWg3N0dyaHdReUJNTHpOUlRNSXBQSWpNb2FpdzNRcklDZnlQRWdodEVhZ2hwQUZfNlV6ZXA3NWNMaFpn0gHjAUFVX3lxTE1iX2sxbnZQMDlqa3ZKQ0FUVTRjNFE1bEVCR3NVN1huemxoblA3RlBUQ1VienFZT2MyV2txek1rV0hTOUljQ0d3ak1zbElKT0RFb0xnUzJHdS05Zzg4SUJ4TGZPZXRKSGlkX2JsNm9wQ1RIYTBDblBYNDVjX25qbUo1SWtvOHZOZ2o2YS0xR2ZvWjU0VUV4TVJabEhuVURLTEMxd3c1S0Y3dXFDbU9EVWJ2NHlMcXZRNlAxeHQtUUhmbVVfcjJyMkVBVnJFMzVoN2hIWktsU1VZVU9YckhWM0pGNnBN?oc=5&hl=en-US&gl=US&ceid=US:en,The New Indian Express
2026-01-11 01:26:16,"In Ward 123, the Sena (UBT)’s prestige ward, Koliwada gaothan issue dominates | Mumbai news - Hindustan Times",https://news.google.com/rss/articles/CBMi3AFBVV95cUxPWGRtcUl1clRwRWo0cFNkdXU0cWdlVVBXOE5kVVR1V3VNZlU3NnFPaHFUZVd4d2l2NnBHcUc2anZwSFRJVWVGSEJ4V0dkcnR0NDhlelBrdkpfZEtBNkVZSDJpdm05UWlkZGJ0SXY0YTNuTEVSTTNrNXkyLUsyT3lyLVV2R1NLRTB3aDU2RWMtZlYwaHY5a1U0bTBhSkV2MVpJUnlsQ3JFTEl5dFpyQTMwMzFHdU9jaDFod0hBNVBpZWdzODB3NVJWWWI3Vy1DVHJwa2pnRHp6V0dOaFR00gHiAUFVX3lxTFBRc0s4a1VHc1RKX0FlRXpZdHB1czhwZnNRZjhlM3UxdE80bVZfdzRXWW9lVDA3c1hxaHJuUXQxc0w0cHpkNmRuTWkybEk3MkNyOURWRVB0SWdJbWZUZy03MjFDb2RQbm8xWWloQ0w0RFFUeW9BTkdyYk05MlVXTVpnRnhtVzhBMWE4d2lPUG0zTmR5MXpGbWhYVTA2dllRTW9obWVvVXlLTVRSVjBpZ1p3Z0tMY2QyTDYxcEZDZTJuUl9CTmNvUE1udTBidUY1b1JCRmw1VXZTX2xnckUwdktQR2c?oc=5&hl=en-US&gl=US&ceid=US:en,Hindustan Times
2026-01-11 06:09:37,"CommScope Holding Company, Inc. (COMM)’s RUCKUS Networks Introduces AI and Wi-Fi 7 Innovations - Yahoo Finance UK",https://news.google.com/rss/articles/CBMiiwFBVV95cUxPWDdfVERIZHVYUG9mbmVOcDlLRTVIX0loZGFRbnJPeE85RHN5R1BDXzNFaEdDV2hTTER4RkZaYTVWMko4dm1naXlWazJVZFN1WFQzNWFqLThWTTdsUjRTQUQyVV9wLUx6cml5dGgtN3N3VVkzbm5XQVRDN0ZDWFNYV2dUQ29NNmhHc2hB?oc=5&hl=en-US&gl=US&ceid=US:en,Yahoo Finance UK
2026-01-10 16:52:28,S Chand Subsidiary Acquires CPD Singapore Education Services for SGD 1.50 Million - scanx.trade,https://news.google.com/rss/articles/CBMi2AFBVV95cUxOQ1l1cTVvRzFkUG5xR29RVW13YUpLMmZYNTVVdG5TUE5sMjNNdGgzNjlhdDNLbzcxRkdKOTd2ZkppeXlMV2JlZGJNWmc2eXRmU2JUS25wNUNjWUg2VElQQmZRd213MHNETzM2elBhSHZaTmZNenZvYWFwZ0xBV2EyN1l2enFvUnVPeVhLSmlPUkVvWklaRXBQRHJMWEUzT0ppNWlKV0kxMFc4bjBQNy1VRTdiUm5SaFVoWTR1REVtU3BMN2VfbGs4VGJYa0Z3OXpxemRnaTJmdFk?oc=5&hl=en-US&gl=US&ceid=US:en,scanx.trade
2025-12-31 02:01:59,OPPO Watch S - Ultra-slim Smartwatch for Workout & Health Tracking | OPPO Global - OPPO,https://news.google.com/rss/articles/CBMiV0FVX3lxTE5yaFg0aERiMDByNlh1c1FBZHJTUTNEalB4SzB4VDZYdHJoS0p5TTdQYnlPZWN6TC1BWTE3bTlSMHAwYVFSN3pnMENXa3dLMzRuOGJuMkNPRQ?oc=5&hl=en-US&gl=US&ceid=US:en,OPPO
2026-01-08 08:00:00,Harry S. Truman - Encyclopedia Britannica,https://news.google.com/rss/articles/CBMiYEFVX3lxTFBmaGlaWjUzWElRNnYxaXBVVlQ3Ymh0TnZqTnZzazVwWk9GUWhxTUVvTF9HWG5Vb2t3UGNfbjdnQTFzYzZfb3pDOGc5dEZLMFBEVkFPOTYtdm5GTDlNbktOSw?oc=5&hl=en-US&gl=US&ceid=US:en,Encyclopedia Britannica
2026-01-10 13:54:34,"BJP, JD(S) welcome special session in Karnataka Assembly on VB-G RAM G - Udayavani",https://news.google.com/rss/articles/CBMitAFBVV95cUxNNjJEMjVENmFjZTJVRDFOY2tyUW9fallxbFpvdDJVT3Q2djVPZUJHZGEtbXcxUXBtUlc3OF95em8xdjY5WkgyOUxSTjhYb0RmeWhneHEwMVJDOHpidTBwR0Z6VVVGOEJpUWtFNjFzODlKZnFHSG1mQWpxV2RjVFQtaU5kS2IxYVpZTWZPMlFiX25oTW9tcmg4TjR0ZDMyUDQ2aVpFUzF6UnBhejUzSURuWGMtaGU?oc=5&hl=en-US&gl=US&ceid=US:en,Udayavani
2026-01-09 12:47:43,Ex-Parte Order after 10 Notices Not Final: ITAT Remands ₹64.12 Lakh S. 69C Disallowance [Read Order] - Taxscan,https://news.google.com/rss/articles/CBMixAFBVV95cUxOOEVNN0RpMXZOV0tJcjlQMV9nTUlscUFEa3ZkeVRsOUhDQXJGa3R2RkFyQU9lNU9vNUZvWFRkb2RPd2dIc2F5bU1VLWVGSFdLTnpKUVI3UW90Unl5MlhHMEUyT0hwRUVrRzJ1NjdBcnQ4NHp4WlhNNE9VSTVEYzcxTWU2ZnUwOXRyb0dmMjNIQUNXZTV5ZkNjajZYVlNnSGlxR2VYMlFranY4MmlqV0dTMGNoQWFxc196NjhVVUp4UVRoN0xv?oc=5&hl=en-US&gl=US&ceid=US:en,Taxscan
2026-01-11 07:30:42,Forced Unnatural Sex By Husband Amounts To Cruelty U/S 498A IPC But Not Rape U/S 375 IPC: Madhya Pradesh... - Verdictum,https://news.google.com/rss/articles/CBMi5wFBVV95cUxOdmhGNFVMQXZPSlA2TUxCbktKbS1wTjI3UDBDTkJQaG5BT1pCSzVYX0Y3RmxBcjI1dlg2UkNrU3NENElacVVySlE2UHV4MkYybnItUFJIMlNJMzRzUHRSenRYclNOSEZ1M0dYVVplQUZDWVR6dFJfWG41b2FyMTQ2V0YwemNudTZmanlzNDItSl81QU5WU25XazVyOG5NOGp2bWNESW01aU0zZlQ4SUk5S29XYU8yZVVPQU42MTVGU1lWYVI0NG5GZXQ1QTByN2RHQ2RQY0tXeFhPX2RtcWRscHhQTk4yV3PSAewBQVVfeXFMUF8yaGs2THpQdHRUemFRbUJ1YU8xMDM5SjNCU2Z3ZUEwQTdvd3FZVURHOHFDRHJwS09ZdXdNbm1NVkJZTlRBanpoWmhrWV9sN05CVGl2ZDNIZ1JoR3FaN3dSVDQwVTVHOFBVZUtRSGxJbkN1SllMYlJTbF90cHhHNy1PR2dMdjEzQlF4ZGZlWHExbUVDMGlFRU0taDYzUDV0RjJIV093dm5ZX0pSU1NNODJHbUt0NGR2ZTJlbGpLVWJPMFJubTZmUGU0UG9lNmZuTjNKX0RlRXdhb2x0ekI5MWR4NDBab1VSTWE0elc?oc=5&hl=en-US&gl=US&ceid=US:en,Verdictum
2026-01-11 01:15:00,S Muzaffar Ali to deliver lecture at PU on Jan 16 - Times of India,https://news.google.com/rss/articles/CBMixgFBVV95cUxNVlVRMDJiLXBBZjk4eEllWEh6a3lGQUQxenBaODRDQUZWYk0wYmNSeTZjWlF4SXg1UmRZdVZDWGVmXzhmZ1hMNVB2OXl0NFozaHd5Z3QzMG9oZTJXVFM3NVMtLTFjdlJkUk1hUktPN2hnaDBaUzlGdTdWNzUtb1RiU1JmNGtYSGVsUXBNYUxDLTBIVFZsUks1MTJrRVRPd3B6ajFxb1dpV2VvdWtQWUdXN0p4OWJXSEVxYUdLSnd4eXZGd3g4eHfSAcsBQVVfeXFMUDlQa2JhakVUc21KR1F5VEZ0ZFdrcXFDNzdQSTc0LURkTnQ3OUJkZWRsbGRsRmpOcThKNm53QUZvdmtpTkpTY0NvcDU1OURZeHZwYm5wMXBDYkVweTllRkpIeWg5dGRLTktZU0xNQ3M4WlJ1VXczUkVCX0Z2T2xQSnBKVDBIMWJ6MVVYR1lvRk16RzFMY3JlQ3hIUVlpa2M2RjNJX3FSUEs2Q0tXczY0ZGlzVDRNLVhHdXBRWUloblFZTTRyRGFEeUlycEE?oc=5&hl=en-US&gl=US&ceid=US:en,Times of India
2026-01-11 07:30:48,Suresh hits out at JD(S) over ‘CD factory’ allegations - The Hans India,https://news.google.com/rss/articles/CBMingFBVV95cUxPYm1DWnpHZ1J4elQySFNqdkYzbW5rNENGQjItb19MRVRWcTRiUmVNZFpROHUtd3ZvNVJjLTEwbTh1SC0yektzUDdWVnAxSUhSZzJDbUtfN2xsVERoWkszTkJyc1hVMGlCODR3dFhjaGRmbUJZb2pzaXhxT2ppaW1EVTd4ZmJrUWEwOWFROHZ4bVZvMVVCek5nNjVGbm1Ld9IBowFBVV95cUxPbTZUM0kzMms3Tm96NW1QM1F4WERwTk95d01zY2Z6dC1fWGZ4aHVBZWdDSlBhR1pDQTVfT3IwME90b1Zoems3a2dzVFFYeE9hNkdLOHFVbE1mQ293a2hmYlpHdU5LTjdYUnlhODZKNF9meUN1eUpnQ1NZN1dXSVg4bDZmTlJQaEhMTmVsZzdQbV9mWkdQOEZUWS1KOU9adDFoaTVr?oc=5&hl=en-US&gl=US&ceid=US:en,The Hans India
2026-01-10 14:11:00,FIR against eight for seeking s 1cr dowry in Noida - Times of India,https://news.google.com/rss/articles/CBMiwAFBVV95cUxNeklHWTc5Ykh3N3lqaTlzclM1XzNnc3RxcFg5SkEzcHdxd0lhZXRzdzNDWFY3WUg1aGg3eUItMFZPX0VjTWd4UXhDa0thUDJ2MWRISXh2M19zWTJuTUxENk81SEQxb3Q3LVUtLUtEQW5uOVZZTmlxTE1DSG1iYTdmWWduSG1QY0hTMXI5Q0hxMmllR0R6ZU1wZTlmcl9lUnJyY1BBTVh6QmV2azlxb05XX0tiZmJTbGFkNUxhZU9hazbSAcYBQVVfeXFMUG12S0RBSVNpdk5TTmhHVDNxY19qRzVxbEJhblZDcXItZ3NneG10MkV5R0pFNVNFaHhTVlNtTTkwU2IxU1NDM1hvaUozY0lHQ0szaGNsWko5amI1VmhOMEhQQi1wSU5od2Z1cGMxVTNxMGFrV0wzS1FWdVZ1WEozSEpOTTNUakI1cVVGMXZGWjhoZ1ZhR0JsMGJ3LVNnYldxRDFxdkFDWkQyN24wTmtuWGVKSmtPY0FlMnNnazJBN3NCbDJCcktn?oc=5&hl=en-US&gl=US&ceid=US:en,Times of India
2026-01-10 10:50:57,"Invocation Of S.67 IT Act Requires Proof Of Electronic Circulation Of Obscene Content, Not Mere... - Live Law",https://news.google.com/rss/articles/CBMiygJBVV95cUxNQkI1LXVmUXJhUnZ1cHJlU3VPeERFaG1YQjRMaFVpbnd3SXJBR3hKZVhJMmJCS3ZKa2VjVkZHRk9HTXRrRFBXdW9uT3gyWHlXNm04NHp2enhMdmo1NkMyZzI4SEJBMTg5ZnpBeVFSQ01JQndSZmF6cHdlSElQeVp4YzhBM3JJZUgwWndKNmc2cUN0QmVUQ2NTUGQxSXJKN05aajZrZEtOS1JyOU9zV3NIdjNUWm44VHNxc3dhQnk3VTlWTjQ0VEdNNjVHWUFwTm1NMElsSDZKSXBrcVkydzVWb2ZuRjVMYWRkcnVMMHpKQ2M5SkVZNklJTEs1dFo1dk1PdzgyU0FhTUctRXZaLWpuT0JYdUI1Zkt1LWhhbUc1Q2RpOUthdXdVZXRGZURzWXlDcC1sUEZncGdXVldHOExLdGxXWDhRZlluRXfSAc8CQVVfeXFMTWdkWlFZTk5JUzY2bFN3TWVvdHI1V3lqTVoxcU95WmtNMHFuQlFUbC1PS2NDMDZfWlRVWnBDUGRLSUIxYlRmeGRDRDVqQm1Hdklsbk9EMVUwdGNRMWtLczRwM2VNWDlRb2ZRN0xEbXdlUzBsWFYxZDFQRnh6Z0ViZVpBQ3RIdU5IVGRGRFNhVXRvZ0t6d0s1U2RzTGNTMFptSjJGVUxPaG10cEM2SHBsRjYxWE9Kc1plUk5YZmxlZ29pYmE2ZnZjZGpnV1M5ZS1Yc2ljNW5NbzNUd1FaaDJ2SDhDZEdqLXFCUjVMQWRjaXF6MUJDWUhOb1JrMC1oRUN4VzU1a1dPRDhoaktfRDdXRGZ3Sm5DWk0wX2d1a1ZpLVFXdERadmFhaFR6NW1oMFR3UVQ2YXVWS2dMNXM2RWV3ai1xUVRMclYtYjFZdm1veWc?oc=5&hl=en-US&gl=US&ceid=US:en,Live Law
2026-01-11 03:48:19,What adidas (XTRA:ADS)'s Rare Bank of America Sell Rating Says About Its Competitive Moat - Yahoo Finance,https://news.google.com/rss/articles/CBMie0FVX3lxTFBCREU4akRJbHdwa0RYSlRkXzRySWxjZjAtX1J6UGpqNDFhZmN6a0Nma2dFUmxCZVk0NFRMczNFOFJGUmJNcnFBUW1idWRLb0tGbWc3Q2JURUV1WEdzVUY5Y3ZFbjhVcVUydnlOMExjeTlKMTZ3RHlJbzU1cw?oc=5&hl=en-US&gl=US&ceid=US:en,Yahoo Finance
2026-01-10 13:42:02,"BJP, JD(S) welcome special K'taka Assembly Session on VB–G RAM G - News Arena India",https://news.google.com/rss/articles/CBMipAFBVV95cUxOdnI5VEs0RlpUeGxucUNSelEzNlpHLVFQLWp2MHcwNE4wb3hRZU1ZWHQxRnBmUWZYQnBSUnNYVmhkMFhYZ0dSUnVCdnBYOUhDQVd4QmMwMDQ4VUtodHhURTNnV1MwVWp4X0t4Q1dXb2hJNDFzcEpqbW1DQko1X2NRTzZfclVGa1daZmZkakRjLW14Z192NGo5QkxqSklTbGZWVllDRA?oc=5&hl=en-US&gl=US&ceid=US:en,News Arena India
2026-01-10 18:28:16,Russia to Send Fourth S-400 Squadron to India by Late May 2026 - defence.newsd.in,https://news.google.com/rss/articles/CBMiqgFBVV95cUxNTTdsOHBWVVJXWTRWS0syLVE5ZndfU0tkVHZHX3ZreF9ia0J0S2syOFBQalpuTkI3VWkwVmtmV2o5MVdFYVV0WWl6UlJkSmxob0VrcFlmb3dOcTJsUVo2ejNwSnNGSnc4Si1xcjUtOFRDWFQzWGhJNnd0bWxkVGtOSWVUdlNyMmlNOWNWdTRfRUx6OUpDX2M3S3Q0VEtncHZITmEwNm9Uc2pMUQ?oc=5&hl=en-US&gl=US&ceid=US:en,defence.newsd.in
2026-01-09 07:42:31,S.319 CrPC | Can Summon Additional Accused Only On 'Evidence' Recorded In Trial; Case Diary Material Is... - Live Law,https://news.google.com/rss/articles/CBMi9gFBVV95cUxQM1k2bTFhcndYbExQc0VWM1NYeHdkRTBUOVVYbWs3UzNvRU9PcGlvLTIyTENkcVJYSHZPWE1STFhNY0dwVzhhbndTMi1ycXpacE42QkVmbWRFYnVwdmVPazBraENBVlVYQ195V3cwRXFVYXF2UGJGY3RMZGpxVkhiNUEyX3Z2ZWg0SkRIcTZ2Mk1aUkdlQmNVdF9jcEM3V1RUcE95SUpWUjJ3MTNpR3ctNnc5QXNHNTJ2ZmJJQklVdGVNTlJmMVkzazVqbms3dFJpV3NtQ0ZZd1NqVWtnR1hIOWFyc21IUTcta1dZc25WR2ZDd29iTlHSAfsBQVVfeXFMT25aS3Rmazd6TGNEdFVwaUpEYndnUzJOcXhobF9nTkVlaHFPdXBReE91MHN6eURNa1RyMy1VR0pRTGQwc2FsT1NERGhOOWNydDJQcHZLY0pqUUdJNVo2Q1NVN0RXTjkxem90Qms3NTh2U2JEeDh4eVdFZE5JT1QweUc5NkE2REQ5RUhhU3o1U2JxQnZUaW1xX2lybDdIV3dfRUljMU9qOFQzUWRYQW8xRVVjOUR2TjhWNVR6MTlCbXMtRFk1TTExcjBrQzBlbFEtaXN2dlJTSU9WOFVmMzdSNUNsbGVEbXBTcmVhbGpaRUIycy16bldtYzNZckU?oc=5&hl=en-US&gl=US&ceid=US:en,Live Law
2026-01-10 14:05:22,Issuance of Summons u/s 70 CGST Act Cannot be Considered as Initiation of Proceedings: Delhi HC [Read Order] - Taxscan,https://news.google.com/rss/articles/CBMi0gFBVV95cUxPUXVIdl96TXFjeVVYRmU3MmF4bFhIdkI3bjVWM2dtNjBYNHJVYVd4c0hZLWxvMVo0eXdRTjI3eVpvcXFUcmN2bDVHc1lEZ2hlRTNKTVZWeE9yU3RuZzlMdHIxWklZdHZJQVYyYWV2aGJwSHhwRlV3ajhkQjNheDQ3YkJONEpsMEI1Tm9qQlowZ0dGSV9YQ1dHUHNYRGFseWFkX1lDUjQwTWYwZHVEbEU2MjM5YU1FYkN1bnFXLUdubDdzMkRQSWJNcG8wNVhmeFVEX1E?oc=5&hl=en-US&gl=US&ceid=US:en,Taxscan
2026-01-10 21:20:36,Jennifer S. Buell: An Important Milestone for MiNK Therapeutics and Patients Undergoing Stem Cell Transplantation - Oncodaily,https://news.google.com/rss/articles/CBMiYkFVX3lxTE9jMlFmTEpTWW9tU0d1RkY5eU0zbG5MLXFBTk42aXpoQnp6OFN0TnhMX1hBeWdLY0JiZ1luODZOMHY1WG9fY1NIS2dKR3Z2UEs2Q3ZlYXFDRUh4SElONHc4VlFR?oc=5&hl=en-US&gl=US&ceid=US:en,Oncodaily
2026-01-10 14:16:00,Trade minister heads for US amid concerns over S. Korea's network act revision - thehawk.in,https://news.google.com/rss/articles/CBMiwwFBVV95cUxPWVF3dkRVb1lYbDM4RVA5d3RyaGlPNW43Z1lQZ1ljM1pkdjJNY2dCVTVBeGZoYzNmdzZUZkd0ZzJPRi1hQU1lZVI1ckxuaW4yelhLczJOVDhwVWxKZEFIc0FFd2haSU96a1ZIZW5CQlBraWo1QVRpbVhlcWd3NWxabkdZYnRqUmpuOXJuT3hTdVBrVU43eU9JZDhjTENKdW5kRVQ2V0VkSnZHZ1ZFbkhkSjM3cldKdEdjTjVNMDlLTE5fZU0?oc=5&hl=en-US&gl=US&ceid=US:en,thehawk.in
2026-01-07 14:35:06,Urban Land (Ceiling and Regulation) Act | Service Of Notice under S. 10(5) On Person In Actual Possession ... - Live Law,https://news.google.com/rss/articles/CBMi_gFBVV95cUxNc0t3VFE1ZlZLd0RCTFlZNmdFOEJDMkFTNE5CWGRiVGQxMXhMVU9ldEdPLXF6WmVsUzY4dDdhWEhGdDZmOExsTFRCTEI1TTdfYUdwanY2R0xCSXpSUHplSkRNem0wb0tMbGQxVktSRWVxd3hWVTJHVTJxVEhyUXBlYmFDQ0tLOTFtSGFLQl9HZl9Lb0g1dzZTSGFCQy1xWnR6RUY1SVBNMFE1SlQ3SzdVajlyd3RXMHpudklVbHl0UDBPdXBaWk4yRURNLS1NcmdFQi1uX1dzbE4tTFFIQk5kbkdka2x2U2hXdVFZYWtkWGZxWnRUMndFLVNRYkY3Z9IBgwJBVV95cUxPT2pRTUJXT29kRzM0TFljclowQjdKSllQTHZHdDl3S2F2YjNBb2xnQTV4VTlLejJDSUxUUGxBdk13WS1aOWRVc2xQMGMySXFrS1d2ZVo4Z2VtMkFGMFhCYzNjdWJja0dYOGlHY2dHcUpNd2RIWm9UNnVsYWRHWWZTcHA4ZmVCY1ZfaXduOERHVWlYNzAxZXFBMHJlazU1M1Y5RmFodmNSQjBpZkNBOWxQSVBuUGVmRjg4eHJGaC1tRERiTUNLMFI1S0FzQl85dmlyajBzaWpOSnE3TFl1OTVEVXhlcVhPXzl1R1lUUURQZ1pzMTNwd0dERTZ2aVh6cFc5RlRZ?oc=5&hl=en-US&gl=US&ceid=US:en,Live Law
2026-01-09 18:21:48,"Lawrence S. Lerner, advocate for evolution education and NCSE Friend of Darwin, dies at 91 - National Center for Science Education (NCSE)",https://news.google.com/rss/articles/CBMimgFBVV95cUxPOEZ6V3kyMTNRd1lBVEkyc1ZvY01lSmhxWVNwRkJfdHBwZXQxMHJWbUdLNjFBNXd3RnhfRXVhTXZDeHN2TXFwVDMtaXhYN055b3dqREdOQ1YwUTdRT09nTjhnd05GN2w2cnBCV1JVNmVHN21NbnRJWm82SkpRMFZPMmQxQ1Z3WjFoSXNxVGZxWW5NZWFDamd5SVZn?oc=5&hl=en-US&gl=US&ceid=US:en,National Center for Science Education (NCSE)
2026-01-09 12:13:51,"Glad to welcome my colleague, Czech Deputy PM and Foreign Minister @Petr_Macinka, to Kyiv. 🇺🇦🇨🇿 Grateful for his visit of bravery and solidarity right after a massive Russian missile and drone attack against our country. Key highlights of our talks: • Peace - x.com",https://news.google.com/rss/articles/CBMiZEFVX3lxTE5zeE9FVk5MdGlvR3FGWXNweEtzUko4ZE9RZHhmNXBOcEt3Z205RHFXNG9CckoxN1VoaXZqNzlQeE1MMncwT2dKX1BkSmJJSFd2ak9NRmpERFFGUW0wemJjVGpUTHM?oc=5&hl=en-US&gl=US&ceid=US:en,x.com
2026-01-09 18:30:00,What was Marvin Harrison Jr.’s net worth in 2025? - Times of India,https://news.google.com/rss/articles/CBMiwwFBVV95cUxOLVlaOGNwSW5pUUpEb3V1ZGJNR2F0UVJ1SXgxVXYxeVZsRXJ1SS03MUhCUjdnT3VOTGlnSHJEOGZVWTBwU1pqaTRHZXlkRjFRMDJQNTV3aFhTTldJNEZSX2NMeFNOSjY3emV3U3dnUWNvOHlDQS15eUQ2cjd4OG8zelA5a1UzSkhpaGNNSE1taE1KM3RtOUZHY1hhY3ljYTV1Tjc3YnlDT2t2T21MeHhfeTNXY0tQSmk5ZUt5NkRxZEM4TFnSAcgBQVVfeXFMTkpBbFJiUVBCZGZQWnNrLWRmbmJjSTJEdWV4Z2hydVhVVXhyVE1HY0x5ek0zRmZyZFNSTDlvSEVoeDFvQzBqczZpeW0wcnMyY2ZmZ0luMTdFZTU0b1RnNFBCajR3cWlrTExURnV6eXVsMHV1YU93bng3U1A0R3FvdHZYM3ZPdFlZbFZMcWRZUklOMFFHVWpiT3l6QVMxWWtnNnhnMk9fYnpHeERUOFF2NGE0WXlqRjlveGhQc1lZM09JVkhSN0lia1A?oc=5&hl=en-US&gl=US&ceid=US:en,Times of India
2026-01-10 10:01:47,"Private v/s Public Banks, Which Bank offers Top Fixed Deposit Interest Rates, Here to Know and Compare - PSU Connect",https://news.google.com/rss/articles/CBMijgFBVV95cUxPejZobkFOVkQzd2h0aGdBRmVKRGhwNV8wX2VrY3R2WVNLVlp2cm1nb2x3d0VoWW1iazl1d1BJVkpCS2JqdHY4MDRWQTI1R25HcVlTdTIxaWtCX2I0RDVxRDFjSU5QUWV0d24zd0dMNGM0bkVMOF9xRHlFUFd1a1drUzFGdDFmVWtBM1ZsY1Rn?oc=5&hl=en-US&gl=US&ceid=US:en,PSU Connect
2026-01-09 10:38:58,"‘India needs manufacturing and services’: EAC-PM chief S Mahendra Dev says Viksit Bharat is about sustainable, inclusive growth - The Indian Express",https://news.google.com/rss/articles/CBMisgFBVV95cUxNZ0xiUnBObFlNYTQ5NVo0T2RzNXFFQ0JzWVZRN29INFFfWlp1UC1rVUF0WGxla3N3VmxMVkNnOFZER1ZIRVFZVkFUVUJ6YmdVcm14c0Fya3BwTThYV2ZoS2dHWGZPYjZuU3ZEaTVwN1ZMZFF3bFJ5Q2lHR21jZHlhRzZIcG5KT195WjRNLVpMRHZTTENLc1ItTGt0Z0VHYWEtc1dWWDh3OFVWS01sT0g1eHRB0gG4AUFVX3lxTE92Z0Y5MndidWxPWHVSVG1rREE4VVQwemxpa3RpT3hKdVMtb0pkd1I4dXZRbzlIN1plWnlPTVA1MWl6alZkd0xVb3I0TGdHdF9hd2ZJNHFQenR2Mk54cm53Mm1oNWVPZThkZTRhT05ZYUlFV0ptZEsxOXBsbGswQ2VKQ0YzS3o0ZE9RanRjRVpvc2QwNmNDaS1RMExiU3padlQtYmF6UndzeGMtQmJvV1UwcVFPZFY4M1M?oc=5&hl=en-US&gl=US&ceid=US:en,The Indian Express
2026-01-10 05:30:37,"Forced Unnatural Sex By Husband Is Cruelty U/S 498A IPC, But Not Rape Due To Marital Exception: MP High... - Live Law",https://news.google.com/rss/articles/CBMi8wFBVV95cUxNRHFKSDgzeWVMOW5GRHVYc3E2LUJNMk9iVFJ3RU9DSjhEaGZqaU94cHJMRGVVTWs0X1FQTXdXTVNtX3BkWUtVMjd1UU9iVzZSWFRDWnVuZ0RrZnFreXFESXA4dE9KWFo4MW5iX2w0cERvaGVnUWxqanVsckhNN1ItY1JQeVhsT2JJdGN6dHZ1VVNIZ1JxUlFGOW1JdWhHX2hjNFpOOW5KRGY1SGVLWlZxSUx3TWJxU0tJNWZXWTNpY09Yd2RfbnVyR04zNU9VakZRY0NsOG9Xd0hxNXFWMnRrZmF1SmRHQjMzRjV1WS1xU0tPZknSAfgBQVVfeXFMT0VBNW1fQ3dSLS1VLXkzbVVHbFNqRHZFbTZBSTZfbWRVQkExV2ZDWkZCZ2ZISlNRMWY2WmhhM29TbHdNOWptNjZHT1JwOE1RUTE4U0VVa3Q1Q1B4bG0tRzBMRjhtamgwV2FfZGYwMElIV2o3TW1iZ2xTaEYxaE1la0pHdUxBVzEwVUNDdnNTTE0ybmVzeFJNZ21lOVB3a0QxY0dVUWJwdHBiZ3EzX1d5S2RfNVVnLXBZYXNhNWtzT2dtSnFEaUwzaDY4UktIVThhLThuMExpcDl4TldjRjhTTkJ5cWpvUHg3OExPQ3ZTdEVJVjlob28zY24?oc=5&hl=en-US&gl=US&ceid=US:en,Live Law
2026-01-10 07:30:25,S. 448 Companies Act Can’t Be Read In Isolation; Must Be Read Along With S. 447 Companies Act: Supreme... - Verdictum,https://news.google.com/rss/articles/CBMiywFBVV95cUxQbk03UFVfQmRVNGNhOHFiYXkzSDRpQ19iVy1Ja0pRSTQzWUVjblZ1VmxfRDZmWTJEb3R4UXhqUmlWRHNGNlpzanhxZmlMQTgybG9LckdWRHdPS2V6eXp1SmtocWl0RzNiWlZlMzZxT1g0TXZKZ3BxU2Q5eVF2NHI0b2diaTNYYTFoalpEODJrYV9MamxzU1RYN0g5RFJzRDltcmpnc1o3MngxWUFScVZuaFJ5cjhxSnJVcjFGY25BV1JvZkZmbXhZbGc1NNIB0AFBVV95cUxNUHJXMy04TXIzMTRnSHJfNEJIOWZ1M3ROdnFJeXJCc2NWSXdNeTZVUEhtZXN3dThTX3p6ZzFSX3NMenE0R0w3WVVDSUs2NF9BdnBfdWFuRHNleGhPLWh2bVduenQtWG8tT21GMnRiUGs0NzRxc3NKZ2RwUGFDTlBwNGRwRWRtU1VnRUdGLWxKajVjVkJDejhlaktGNUhYSm1GMDlIV2FVMS1aTHNyM3F3ODB5ajI4NTd6TGRSbi1kMEhqWXBxQ3gtSGVjMFBtZzZ6?oc=5&hl=en-US&gl=US&ceid=US:en,Verdictum
2026-01-09 17:53:42,MOF-derived g-C3N4/ZnIn2S4 S-scheme heterojunction: Interface-engineering enhanced photocatalytic NO conversion - EurekAlert! Science News Releases,https://news.google.com/rss/articles/CBMiXEFVX3lxTFBuczJWRlFxM2JIdEt0d1djTGtoZi1Nem00Z2JVTkhhVVpQUlBHa05xWXRFMERMUF83TktJeDFodUpoYUVCYUZXWEROOE9VTG9MRi1BdTkxNDR3RWpx?oc=5&hl=en-US&gl=US&ceid=US:en,EurekAlert! Science News Releases
2026-01-10 12:28:28,Wafik S. El-Deiry: Targeting ITGB6 to Stimulate Potent Anti-tumor Immunity - Oncodaily,https://news.google.com/rss/articles/CBMiYkFVX3lxTFBlUzc4T2VMamQtdExHOUhmLTNxRC1WeGVnMmpFY3RGMG1EWmxJbmg0QW9ZMDJRNzhXTHZsYWJoZ3F3UmhzVlQyak5yRU44RDZSQ3E3Wnh4VnVwU2FkaW1yVzh3?oc=5&hl=en-US&gl=US&ceid=US:en,Oncodaily
2026-01-10 09:03:10,"Former CPM MLA S Rajendran to join BJP, meets Rajeev Chandrasekhar - Mathrubhumi English",https://news.google.com/rss/articles/CBMiwgFBVV95cUxOSGxGbVJYUGt3RkhPZlk0bFM4RDdVVUxzN1RYN0RWOGYzQ0RfQ3NkZkd4MENmQ25HTm1tZ0hSeFVkY2ZrTVVBS01YdEtLUlJzZTQ2ZFFCNFVlMERpb1U1QmVEZE1LaUo5dkNrRk1TYUczM3hLbEVzbHhSNnBMc0l4X1hleXJGSkFSTElDWmZrcDExeGxlN0tRVXVfTHR3S1BZZkxRT0VMU2pKUE1CdGxoUHEtam5wVzd2RWdpa2J0MWRUQdIBxwFBVV95cUxORThoUzRraUF6OGN1VnEzS1I0SzFWQ2FSS1lIU3NqVnlOOTdZWm5vRmEybmxGUGM0R3VmSUxwSy14TXdHUi1uX0VIVUVQWjNLQ3UwdXpoeVg5T1JCT01Sek5VMlZXMExpazR0UEJlNGJwLUVBLW9SQWhPNjJNdXp6TkdXVGhDWmNFcHl0eFJyNkRSY1FvX3lhcDU5NGRzSHlfQkVRUVkwUnAyRUdCT1NhNkpNWktpUXpDV2FXS3FYRjhmVEd2cXVB?oc=5&hl=en-US&gl=US&ceid=US:en,Mathrubhumi English
2026-01-10 06:19:08,General Penalty u/s 125 Cannot Be Imposed When Late Fee is Levied u/s 47: Madras HC [Read Order] - Taxscan,https://news.google.com/rss/articles/CBMiwAFBVV95cUxNZVFOdnViOFVOOXphT1I3VkJkYVpfRW1NU2N6Vko5OXllZ1RPWnlwOGZQelJoQ09oUmJqeFVNckJIaGdpLW0yYnZPek9TeDlJRHpiWXV5a1F2aXdneFpfeXlzVXJnOXVjZGVYcFMtOHdkMkRiQ2xLdDBmbXJrbVMtOVRaT1ZnbG81OHctQjNiXzhXMTNtSEFvMnpoNVh4T2Nma3NCeE5tbHB6ZEdTQXVEUVdBTkdjdUdHNVFYUkdyQ0E?oc=5&hl=en-US&gl=US&ceid=US:en,Taxscan
2026-01-10 06:40:36,Prosecution Must Prove Publication Of Material To Establish Offence U/S 67 Information Technology Act:... - Verdictum,https://news.google.com/rss/articles/CBMi9AFBVV95cUxQOUhHYzFCQTUyb3hwcTE3cHJiOEpMODB1ZS1ROFhxelhTZTd3dWw5LUotUDVFdFl3U0VGNmFqOUcwbGNxRk42WDFxTEdva1AzU1E3MVhEVWpkWkQyVDBremlIOF92aVk2UVotYUVVV2NQTVF1enV5WmZTLW1SU2g4Q09aWVRocFViSEVLU0YwWnhBaHV0YzB2bC1mZEhYWEJuS0sxMkFvanZmUnR1dnFUZUxMRDE5VnZXMFJrSS1CUVdmMzlHWklhcHFNRWV1YkZFRDhBNWVwc1lncFAtYzFKVlU4OUNuZS0wcExHemJhQnFQMjdn0gH6AUFVX3lxTE1meTNDVGktOWRXMWVyb2NhUWFQNXU1cnBPVTJ3a2oyLW9BTGhxeGJfSFBCVVcydWhuekgzeWU3Z2ZBdHRBbG9pTXFBekFnaTExYjFuZFRBOUZYMU1VaTdCVnpaSHB2Ulh3ZjRKMHZkbWVndU1sc2V2aEpGckI2cDNpSGV3cDI1elBxdHJsMmFJX3QzT1NFc2p2c2xDZThNQk9FazNaYmtaU29DOU9IWDdRc2dfc2RuNUhfU3J5bHhvQS1rUHVKZEQ2T3NJVTdiUWxIRTZqTnU4NXFCUWNXckJCNzRTanYzeDJjVXNYQmR5SWJid0ZpWnpuT3c?oc=5&hl=en-US&gl=US&ceid=US:en,Verdictum
2026-01-09 17:41:01,India''s Policies & Growth: Shaktikanta Das Remarks - Rediff MoneyWiz,https://news.google.com/rss/articles/CBMioAFBVV95cUxPQjVxOGNWMVoyWmRMaEgzVWNRNzh0T0N6Ukt6QkQydmEtMzZkVGpWQ3QwM2hQSWEtVGY3cGJySnM3UlVBMlJzZVRGZ3JiYm5DNGxBWnN0TmhvTFVNYVZyZXNqenBFNGtvaFZrVHZINzVZVVNLVkRmckowWi1WOVlwaUhNOW1taEtYbmd6ay03SEdvNElTd0FmaEtaZk9JdFpG0gGmAUFVX3lxTFBUSDEwZ2I4VWI0RGV6OFplRXoxbk84ODdhWGItcUVreTBVbzBwNEZHZ21SbUVyRW5OOWUzbFgxNDU5LWhXZXBySFhsSGl5Xy02bHJMYWNBLUVZdVZHdnNtdlhqa01KZ045ZzQxWktNdVlXM0tEaFgzdUVRcVJsVFVYSHZvSFJMaF9TS21sM1lzUkNuMVR5T1Y0QnJJVXo4QUpJSWNvenc?oc=5&hl=en-US&gl=US&ceid=US:en,Rediff MoneyWiz
2026-01-09 11:51:40,PDS Limited Dissolves Step-Down Subsidiary S. Oliver Fashion India Private Limited - scanx.trade,https://news.google.com/rss/articles/CBMi2AFBVV95cUxNOU1WUXdqMzdoMVc5X1hzX0hKUmRlWWRMME5wakRoanZpWmY5dEpIVFJ3QmZBUUNlbkNvN2F5NnN6OXNvRTZDTUh1Rk9XbkpUVUt6bFlvQW5mOElEOFpyVXF1akREUTcyckUwZkNFcjJMQ2RLRmZBWTFDZ0JHOEVyR2pMLTc5WDk2WklMTFNhb0lDN0FSQ3ZnYUUwZncyamVVeHJ6RkNNZENINWlkUDZNa3BDUkVUNk5uZ1R5YlBTeER4RUJTb1o3SGFqRG5WTzVoOElFV3R4WkQ?oc=5&hl=en-US&gl=US&ceid=US:en,scanx.trade
2026-01-09 21:33:32,Yujiro S. Hata Recognized Among The 100 Most Influential CEOs in Oncology in 2025 - Oncodaily,https://news.google.com/rss/articles/CBMiYkFVX3lxTE0tQmFkVF9nN1FFLUdzLVhQYnViT0NTcFBzOWtaTFI4YWp5bWhfejNjZzhUMUxxMFhac1Z2LTd3VXpWRkdkeGlHZmcySk5PWkk0b2VmUXloRVJRVS1VdF8waVRn?oc=5&hl=en-US&gl=US&ceid=US:en,Oncodaily
2026-01-09 11:08:05,India''s 7.4% Growth: Reforms & Modi Leadership - Rediff MoneyWiz,https://news.google.com/rss/articles/CBMimgFBVV95cUxPaHJ5U2d4UWQtQmNhRlFoODVwWXJsdGFuZkJ2Ui05QTFMWnNCenlEUkpOeVN1dEpHSngzTklxQkhSaDh2T1dtYzF3ajV1SW9VV2R3T3BMaWhvclVnQVFtTl9mZ0pkekNuUVAwTGJqZGlLN1ZCS1Q3LVVEeHRQNUppMU16Wno3VzhmZHZIaldqWE1MMVo5ZUUxdHFR0gGfAUFVX3lxTFB5NG5OU1BYUmhjakVaYXA1aU1XSk1XdjRINGhXQlFmSlZVYUdIVXZpZEZDb2xNRU1HOGxzM3p3VWxvOUl4dzdZcVpNTGJwMjRzNGtLT19jN3VSRWZHdVBmT2FscVlCS3J3U3lGYnJOWTZYMjdsVEJ1UmVfamZhdWlFdm5RcWZwZVlPdkROWFhYZjU5LXhlYWZrU1RwQ216TQ?oc=5&hl=en-US&gl=US&ceid=US:en,Rediff MoneyWiz
2026-01-08 03:00:00,Traders Bet on the U.S.’s Next Airstrike Target - WSJ - The Wall Street Journal,https://news.google.com/rss/articles/CBMimAFBVV95cUxQUjFzQXVuU0JHQjdsYWp5SENVQzJBZmlLLVpyX2lhdHRZVTd4N0JWU1B6Q3NWOHEtRjdVbk92WkpKTEtNM21uNTJJQXJYTTQ0ZDNSb01uR0o2cDZOZWdyd1pDY2JRdW5GT083eF9Dd1BBX3dGVGhVVF81bnk0eXh3UU5iWHYtRG5KeTBPUTN4bUd1SEJoWGZhNw?oc=5&hl=en-US&gl=US&ceid=US:en,The Wall Street Journal
2026-01-09 19:30:03,"Chinese, Russian, Iranian warships arrive in S. Africa for naval drills as tensions run high - Nagaland Post",https://news.google.com/rss/articles/CBMitgFBVV95cUxQcFVyN2tRcVNaRjJkQ3dhWFpBV2VGNGhCd2lqVjZRZ0JvTVdTV05ObVNqenl2ZU5PREZlbThLbzNOTFF5Q0FNcFBuX053VDBQanBzQWExczBvT1pHcGY5ZlFaTGdRX0FPc00yOXRXU3NldnB2R3NTQ29zcXRRUnNpNldkRGxvcWJmX0xiRno1eUNReTlRSmxicV82OEZrWGVDM0RzQThuek5uR01jS21ZTHJ0dGxHdw?oc=5&hl=en-US&gl=US&ceid=US:en,Nagaland Post
2025-12-30 08:00:00,GST Rates in India 2026: Updated List of GST Tax Slabs and Item-Wise Rates - ClearTax,https://news.google.com/rss/articles/CBMiRkFVX3lxTE8wQnNTdXNBamdaSE1xMnBoeXdGSEIwZnJQVHRGc1F2cjgwNzhucEVlMDl6bFhQZ0R2bWUtSEF4WVFsalY1eFE?oc=5&hl=en-US&gl=US&ceid=US:en,ClearTax
2026-01-10 07:20:09,"Former CPM heavyweight S Rajendran to join BJP at Munnar, holds talks with Rajeev Chandrasekhar - Kerala Kaumudi",https://news.google.com/rss/articles/CBMiY0FVX3lxTE0yWWg4UFJZWGdCM1NsVWFHZUN1LVc3TGo0bUFOVEdaeU5PMkxlTVhnSzZQOXNrNWJwT2RCYmpDYURfQlFLOE1LYTVJNDE2SEY0XzRLb2FRVlRuUnI5UTk2bTdpTdIBckFVX3lxTE9nRVpDMDhkcWJDTUlYVjkyRkNQXzVXSzlvUDV0Z1NKZERySGg1MkFDUk0xYkFjXzZoNm5GQ3hkTlllRGVNNzh6RVlXV25yd3pEdllTd1A4dDU0LVdzN2c4WWc2SzJMZkMwaVNpS21qMHpsdw?oc=5&hl=en-US&gl=US&ceid=US:en,Kerala Kaumudi
2025-10-08 07:00:00,MEA | About us | External Affairs Minister| Dr. Subrahmanyam Jaishankar - Ministry of External Affairs,https://news.google.com/rss/articles/CBMiREFVX3lxTFBFeXQ0Tk93WVJiZVkwaDlveVI1V2hhdWZzWVdITnN0NnNJWjdkenVCZWZpQm56RWR5VEltUG9kMUM0cEZH?oc=5&hl=en-US&gl=US&ceid=US:en,Ministry of External Affairs
2026-01-09 20:09:13,What's happening at Leander High School? Reports of heavy police presence at S Bagdad Rd spark bomb threat fears | Hindustan Times - Hindustan Times,https://news.google.com/rss/articles/CBMilgJBVV95cUxQVjNOdnRNakkzVlZsbWhLdGJiN1hXcjJiNVZWeXdMa0g3dkYtNjdJMFdVS3gyUW45ZTEzQ3ZwYUUyXzlXSEZRTWF1TzBvOHhOb1h4OGIwNXpiSTlhVnRjUUwwcUpNcEQwazE5T1RXcjhYd2I0bFMyQjA2d1dXNEdmRW5fMUFsdG9OOExzTEZPc3lsZkpIOUtINnhXeW5LQm5WdHlvUWpLRXh0bFhkZEtHU0xJcHY3a244cmFFeU1uZ3d4VklscGo5TXQwRlVUSnRQTTVmZ29VSG1jdDltWWRhNl9CdVpXVDcyZjVzRVlzTzJRTjhsRXd2WUYtcGMzQnN6ZDNGWlVTV21GajNvOHREdk1ZSEVNUdIBmwJBVV95cUxNdXYtT2E4YS1NWXYtMkR2VG9PajNJR1FEWWVia1ZJZTFNbzhET3pTaGlzaEZBazYwQ2pVQkdIVXVtc3hGbkRJbDJKdU9BX19WVVRNVnRKQkcxSGFDcl9VZTRDOEdidjl1VmZvcTRnYlBVaUhib3hKaWFQWER3bFZ0VUE3a2FCSW9mc05Ra1l0ZzFEcWFrcDNrLXVmMDF0bV9iWDA5U21Eelc5QTR6LXpTUkdlQmdBamVmWkpKNk5wb0hHZUNNWXNDeW1CRkhUVW1iV2E4bUUxN2hVMXAzbF93cmFleUprZVBiTWVQc25qc1l2LWZGNGpRZm5hQUhvNVhlZm5VM2h6bGNocDVsQVJzZEZYWHBTNFlFWHdv?oc=5&hl=en-US&gl=US&ceid=US:en,Hindustan Times
2026-01-09 12:23:44,General Penalty u/s 125 cannot be imposed for late filing of GST Return: HC - Studycafe,https://news.google.com/rss/articles/CBMiqwFBVV95cUxQT0ZEUWtjb0R4NUVCTWpZcUFfRG1ITGE5UXhQdkxyLUpWTE1lWGtfc3B2QVB2WURIcEQ3Yzk2amM4SnUyYzdHVjlYRDZTaUpEZVNSd1dFUloxTUlJUVM2MTVRVVdpWDNvbkpxcjB2bjZuQ3R0N3lFaWZxeEFkcGRXNUMyWFFicW42ODYxa2NNbkdnZFZETXE0VDRoMjZ6OG9leFpFMWx0M2phcVU?oc=5&hl=en-US&gl=US&ceid=US:en,Studycafe
2026-01-08 05:00:22,Departure(s) — Julian Barnes’s ‘last book’ is a triumphant meditation on memory and endings - Financial Times,https://news.google.com/rss/articles/CBMicEFVX3lxTFBHQzRBZGI3VzVlQ1RiZ1hoU3BidVZXS2VaYkZlQ1dFYkREX1dOclp3czVzcXo1SEpnXzJxQnNkY0VVRlRQdWxZYkNsb1VwRHBGMXJxLVNKRy1tblJzX20tdDE4UFVOU2ZuQ2xVZlg4QlI?oc=5&hl=en-US&gl=US&ceid=US:en,Financial Times
2026-01-09 13:01:34,"Jaishankar meets Macron, highlights India-France strategic partnership amid global shifts - Telegraph India",https://news.google.com/rss/articles/CBMi0wFBVV95cUxObC0yMXBxZ1B3RHdMWlJ1UDVZN2otNUFtMTYwamVPczY2eHdsS2tPZDE0STVUM0hJcGJkZ0NMWVFaYUk5cU9FajhCOFhfSGhOU2NtRkJZbjhBMEJESWNPRWY1Mkp6enE0NjBOaWZza2ZYc0ltTkhteFlRaF9OemRtSTVQSFBHWlNnTmc3N0NEWE5VYVJ5bHhtd1FJM1l5WmlxaEtxOVNta056Nmp5VTdHNTgxVzk2WWhpMFh5R2t6Vlc0b0NJTVBYUi0xYTBNMHg1Z1N30gHYAUFVX3lxTE54dm1QaGo3RWg0TnpYamM1aEJCNmo5UmNoTkpFM2VtQ2lsYkU5M2N6eHRpMzRybk1TaDVrZDczbDFMdGNvb1EwRDF6aDM3NE5IVG53bW5kYXJOSjN1WGdMNnMzT0xmcm1sUldzalNMN1FJYlNBSGE3WjZlZG9nUWRsajNad01FOHhGOERRY1hvLXFlR2FzN3ZfNncyNGJFeVpFTTNyM2prdVpaelpIQ1dFVmdpTFdHTHdqcHp4REVOOTEtN20xaG5IQjh6VE5TNVVYMGdVSDQwdQ?oc=5&hl=en-US&gl=US&ceid=US:en,Telegraph India
2026-01-09 17:00:34,Bestow Bharat Ratna on Bihar CM Nitish Kumar: JD(U)'s KC Tyagi urges PM Modi - Moneycontrol,https://news.google.com/rss/articles/CBMiywFBVV95cUxQcHhudW1RMzBuQ2Q0S3hibEYwX1Fndk1aMEliNWtEXzY4N0JfNnAyMUxxOFd6YW5lT3Y3VkkxSlExQkdFWWliUnFOUlpRbFZRRmFOczZOMk1TSTJGZHlweWxNVnlnWkJCVmlrYlFMdDRTYUhjLXMtdFIwbTl5MjdaUHktQ1EzaFRzd0FwMFJzQ3AyWWU1cnA5WnNtem1KNmQySjlYdUNOVDZ3b2UxdHNzT3ZDaTVjWloyZUdsY25JRHFiMi1xUlJIUWRnb9IB0AFBVV95cUxPeUVyOHpIU2FCQmFvQ0tZSElxZ1BxSHlNaDV2a2xxQlVRSy1DcllPYWlHTENvNEQ5NVBzNmJEdHZIUVdSRE0tRkxFWFV5Y2pCT3MxbG5TTTE0QXJJNFVjZVdqTVY2T1dMbWdqXzhkelU5aEpXcEFTLUplNkozOS1kSzBjTkRCR0hqcC1NcmJGTjAwNFcwZU5qOEUtVjY0ejJDRFRKYkg3c283NUNJTHpWYWMyT0l0a2lFUDJYQmNScUc0S0pZYlZKcDBhVDlOQVRf?oc=5&hl=en-US&gl=US&ceid=US:en,Moneycontrol
2026-01-09 23:20:01,"Play 1,000s of nostalgic games with this $85 console - Mashable",https://news.google.com/rss/articles/CBMipgFBVV95cUxQMHFtQnFpOTBZVW95UE5lWDRlUGE3dk50Y1g0TERxVzh4cWQ5MnBhUENmWmFLb0NiZEZFZVJGLXNSdUtiNE83dVM2ZmhHb2RmNmxxNG5rVHRCMnJFbXV1NHRxak5RMzA4bjBoZG1SQjluUnRrXzF6QmZiNXBGd2pTUzFrMzBsMk5sNTlyLXdMNGRKRktXODFVRUNNSW95bjJCa2FzbVV3?oc=5&hl=en-US&gl=US&ceid=US:en,Mashable
2026-01-10 01:30:00,Why Chandrababu Naidu No Longer Hesitates About Ram Mandir... Or Hindutva - Swarajyamag,https://news.google.com/rss/articles/CBMipgFBVV95cUxPQ0FrWmRTckVrRGtSak8xakFDZXk1WVh3d0JXeEdid0NnWmN4M3BfYUNBcFV0MUExN0U4TXRERHptanA5SHM2WTRtVnNRVTNxcjR4VUh3X1ozUjR5b3lCWTloWGVpQTFtcHl4U1gxNDR4UGFybTNWWDM2dDl1YklXZE5Vc3pMcjdPRFI0MmF2V0s0bG9SWEVmWGp6bjU5TUVOMl9GWll30gG2AUFVX3lxTE5BM05TUE9IYUZ0d21LdVlfOEdzN2tIVU83TXpHNTNzOFhMTWE3WGlaQmxUSHdraTJTUTBLTHpqeHZOMG0tRDU1OTkzX3J0dE9lVk1hdjVXZWlaaWNaVVZjM292QjJPSldWak5YQVVRRDVkZHo1bnlrekNYTHEyNjRPM2w5MU1ub3JVMlVQUHVZOXRuZkZCVTVIZXFITnFqQjhydW0tLTZzV3g5a0ZzUGtRNWplTVVn?oc=5&hl=en-US&gl=US&ceid=US:en,Swarajyamag
2026-01-10 06:40:32,"""No connection to the party's activities"": JD(U)'s Rajeev Ranjan denies KC Tyagi's Bharat Ratna demand for Nitish Kumar - The News Mill",https://news.google.com/rss/articles/CBMi3AFBVV95cUxQbkxjak9veFdRbFkzdTdxSm1DMU1pTWV2d2lCTjdoZ0puTUdwakhmclhJUS1DVW9sQVgxWVIxbzhrYTI0Umg4M0xsYjUxa0xnaTZNOUZGV1cxa0RTdXF2Y1Y0eDRjelhPem1pMXlKR282OU04UDJab1ZUbmVrQm42aDctQS1jR0NHcmt6Tk1xbFNXVExjWnpIOF94NHRCcGVYYjVyU1BHR21vM1o5MlFNT1JnQjU3aDMwWlRSVXlYSDk2aHg4bFJmc1dKZG5DX1F6ZFZhSXpzT2ViUE1o?oc=5&hl=en-US&gl=US&ceid=US:en,The News Mill
2026-01-10 12:09:58,What Repsol (BME:REP)'s Push for US-Approved Venezuelan Exports Means For Shareholders - Yahoo Finance,https://news.google.com/rss/articles/CBMid0FVX3lxTFBnUF9NZ2RxVWxvRlhyLVNpMWtRbmZMVkZFdVpfbFhVc2NCbC1kU0RDN1gxMkNDMmI1SzBsWmNYZ2o1OTZ6aGREb3UxaEh2VG1EMHlBSkxxVTh3NGJZSXRMNVNubk1DMEI4RkgzUExIbUhWSjhIcGpR?oc=5&hl=en-US&gl=US&ceid=US:en,Yahoo Finance
2026-01-10 04:33:24,"AI Edge special: India AI Impact Summit Is about outcomes, not investment pledges, says MeitY Secretary S... - Moneycontrol",https://news.google.com/rss/articles/CBMilAJBVV95cUxOYnZpM0hFazllVzVXTXVCeFpuY05BN1VYV0FCRGEtenJsVUwzRWxZS0tSaUZYN0tUclhMdTg4RmQ3d2w5LVA0LTllTmRCdlhQbGxvVXlReUJnMHRWdzNPUDJjdUN5cUNJLTU3bFNNUjhzOUM2ZDlwZS1LUTNoR2R3NERjREFMdUlQTnZ3aERYcTB5Nko1VHVjTkxtbWFOb3lVbnBYcUQ0QXFxbG85VzBHUHdnX1NpeUNkWUoxS3dIN3hkOXAtNjJvTjhmWk9Ed3JEUmhEckVqMkpTNzEyRWluU1BmRS1Rdm5aZU1WanpOa2pxQXAtLUtjUklTcU41dTE0WDdDMl81Q1NHc0w0RVI3eTJMWGfSAZoCQVVfeXFMTkVoeGVrQWx1R2kyZEN3dDBoR1NCeWlZM3FqOV9JYU56VmtVV1lmcWFPM1FJQW9wWkw2MkwySEh0WWVweThPdHdocEM2QlYzUFRQLTk1X2Z1YXl2cXFmWG5nUWVKazcwYUV1dHp2V3puY09zRUxNZ0pGSzBfOTh2TXhPQkFqUW1hQXRHTUpxUG8xWkVyZllhazlRR3ZqaVhINGlwcWc1b0RKWFZUOERuZE5HMi1nY2hYMTlnbUxqc0FWalQtQmd5V09vUTVraXVsRUxQSFBucExnbHhfckJyMXpwS2w2Wi1VYUZPbTJ6aHhtX1YySnN5MlV3UnBna2ZQYS0tN3BQb1RrZHFwSU5KUHZUUUZwRDMxSl9n?oc=5&hl=en-US&gl=US&ceid=US:en,Moneycontrol
2026-01-10 04:19:14,Arms consignment dropped by drone seized near IB in J-K’s Samba - The Indian Express,https://news.google.com/rss/articles/CBMisgFBVV95cUxNXzgyRzYwazY3NjhNT3N1UGVPQ0QxelpCSFRPemhmSER5Q3prTTR5ZktUdkFkOEFmUzdSVVFuM0NuazhKRzFwTm0zN29CWnZPRl80V3dySFJ6aG50N3BCNi14enB5YVFEQ0EtendyVVVITUVtNy1WTnp5YU5qdEEzaE9YNHo5TFNlcWJGY3ZHVHNhYV94T0VhcHk2dENJdDVBblJKa21UVFlERWlQNEZhOGpR0gG4AUFVX3lxTFBtZm9SNExXd0JyVHRaUk83emt6YVNvZkEtclJhcEVxd0ttRlAzNjlnQ19LelV1bHJsTFJrZTdwcnpuRGRIRHBMMm9lcnJWcFl2M0N3dEhDSzdRU0lLU3huLWl6d2hFTUNOUkUza1doVk5aemFWNW9ROTR0ZVJ2SVdKWlRlSi14QXU3VTg1dXc1RFRhNVVGRUxRTHZVbWxXeGFxSFRkLTl4TWUyR3NKYnZoQllsbldYeWg?oc=5&hl=en-US&gl=US&ceid=US:en,The Indian Express
2026-01-09 14:32:41,Couple murdered in TN''s Dindigul revenge suspected - theweek.in,https://news.google.com/rss/articles/CBMirwFBVV95cUxPdk1LS2RBUnBCMWVOdVJHSTVZSWo5TFZRUThmV1BYREFFQnJDUl9valh0c3hlZlZ6MFJQbUpNVWtKdm5CWExjZy1SZEQ2RldPeE04UkxlbFFiSnBZSHdJWFF4Y0JjcG1yZ0NnaURKVXM2eURIZ0g2QUNEUzFSeWtnVS1MSkZubkJ2OVRRUk1sNldjZmtmZkR3NTVGcHVORWI3T3VhV3dVOUw1R09kY3JN0gG0AUFVX3lxTFBMZ3NlZGs0eFAzN3FabXJ2TGotR0lzQk85a29DLTM4UlVQWktWUkJ1V0Q1U2cxb1M3S0hyRllNT0p2RVVmWEVULXh0cy1jcUE4VG1KUmFvZ21jQUE2VG1IaWprdHo4YjZsUVg2WTJkR1EwRkFqRnE1eTgwUEY0enVYMDl4QndUX2hBbGpoZzdic2JDWkxWcTE5QUVSemZMdW85bEhubXVSUXNmOTI2SGZoOExQMA?oc=5&hl=en-US&gl=US&ceid=US:en,theweek.in
2026-01-09 10:06:13,“Can all men be jailed too?” Divya’ s remark triggers debate - afternoonnews.in,https://news.google.com/rss/articles/CBMilAFBVV95cUxNYUw0d3d6YXpteVk3S1dteldaeUFjd1hELWRaZENQX1EwclZTSWhYUkhQOWtaTjB2VXJicU9BYTQzLTlONVM0dmp4YUtJaldxOFliQW9SNnZyYVIyYkZMbFg3aGhia1BrTE9faW9fckg2bTBxX09YY1o3bDhzTU43MFFXalFyZzlpbFFtWU9mNGs2QWlN?oc=5&hl=en-US&gl=US&ceid=US:en,afternoonnews.in
2026-01-10 08:46:00,‘We work for everyone’: Nitin Gadkari rejects claims BJP is anti-Muslim - Mid-day,https://news.google.com/rss/articles/CBMizAFBVV95cUxORHBkUEU4WUUxV0ltUWM4aWZpeS1XRVZsM2xOd0tsdG1fblJfVHgwTEVFRHFwMFRlU3FOODN0d2tQajRmeDhzemEtY29zYnZnUUJNM2JfajZvUTNOYXEyVk42QTNlOXVzX0NFeTJIRmo1VjdEWTBEMkZuS3ROejlaSThBRG9oX1pTYlptS3NseTRLRTE4YjhhU25sZ2N4RTVUamxvTlFnczM0R0VCWldIakd1NW1EZDVNQVlsR1hBdzM4ZHpGSHRFYkMxaDDSAcwBQVVfeXFMTkRwZFBFOFlFMVdJbVFjOGlmaXktV0VWbDNsTndLbHRtX25SX1R4MExFRURxcDBUZVNxTjgzdHdrUGo0Zng4c3phLWNvc2J2Z1FCTTNiX2o2b1EzTmFxMlZONkEzZTl1c19DRXkySEZqNVY3RFkwRDJGbkt0Tno5Wkk4QURvaF9aU2JabUtzbHk0S0UxOGI4YVNubGdjeEU1VGpsb05RZ3MzNEdFQlpXSGpHdTVtRGQ1TUFZbEdYQXczOGR6Rkh0RWJDMWgw?oc=5&hl=en-US&gl=US&ceid=US:en,Mid-day
2026-01-09 21:27:45,"Experts weigh in on RFK Jr.'s new dietary guidelines: 'I don't think it should be so hard to know what's healthy,' epidemiologist says - CNBC",https://news.google.com/rss/articles/CBMikAFBVV95cUxQUlhUak9SWFN5d2xiYUV0cTdZdnpjYXFSUkdnbV9rZ3E3RTRKQ0FIVTlqZ0ZkTUdZV05rQVVnRXNPdWdwN21wTlNEemJ3SmNxby01WFBQaEtoV0lhRjBuLTRXZzBlNmZMR0tkUEJmWmZTdHNTRVVmeF9fbk5fSm40cUMxdlhZaGFRUUR6cFpLcW7SAZYBQVVfeXFMT21EQkxjV3VkY2kzb1JnZFRXRS1MbGhKMVlNbklINHNCMnBMMVFMTkpvcTl2czZKTHJ5M3ZvWktwMl9DWmVyOVBwRFQwYkp6WGJFWXo3M1BISmJXVzcwRUVGZG1kRjFYeFYyenozV2FFS2RvVXNIRnNEc2p4RFlYS1dsRE55RGQ2UDZsUUE5OE9RY3JHVFZ3?oc=5&hl=en-US&gl=US&ceid=US:en,CNBC
2026-01-10 10:01:49,"In Sayre Gomez’s Art, L.A.’s Problems Move From Real to Hyper-Real - The New York Times",https://news.google.com/rss/articles/CBMilAFBVV95cUxNVE93amVPcWl6LW41bTlLR3RhNVY1d0lscWRONFVlVUdaZzVrVHU1YkxJMElRaXV5Y1ZydUpTdE1vN2FmeWVZRFNLakRHSW10ZkZCVm1VQVlGQnktVDZ0WnpnNUU1RkwzSEtuT29MU1k1Y0Y4OE5WaXBvMExXSmV2Z1dPenFDWG05MExtYzNPb3JOT09N?oc=5&hl=en-US&gl=US&ceid=US:en,The New York Times
2026-01-09 11:18:53,"India to focus on skilled jobs, employment quality to achieve inclusive growth: EAC-PM chief S Mahendra De - The Economic Times",https://news.google.com/rss/articles/CBMiiwJBVV95cUxQSi01UW9GSVJxbEhYVXQxWDdQZmVER2ZJMms1ZkE5QlIyYS1qRHoyNVlDa0F3Wi15WW9QZWNNUWJxejJUTUFyQnl1ZUoyNHpMRl92dVpyR1pXOU8xeTZJNmJyN2h5X3hJaWtaUVBHMnVsalB4dFN1eGhTVHdRb3FUX1lvZmp2a3RUbTBGbS1tZmF4MGRFaUE2cWgxODJ5QWZPdnV4dFZfaEROV2ItLVY3a1d5VHBvczhDTzFyY3RRUUE2U1k2dE1IQ0FHN1VnMU9IZEJEXzNpSXc1NV8zTzQ2c0ZQWG04V1ZFa2NnT0hmZnl4blp3bGQ2aUNvVFdQRDFnVHJUeEZvOVdGdmPSAZACQVVfeXFMUEE5SURMOTE2VkZuZ0RBc2VNakJnS3lqdmNpa0MxbVlVZWlnLXNSN0xqYWd0RV9fR2lqWUh0QnRyQmxQTWtaOGczcTZWZ3RKeU1TbG5PV3dDdkhTa1lqVndiU2cxekx4MWxuN0NlUGttdkpCcm1Vemg4dWRLUHFDajY2RnlMM1VmdEhRQ3FKOVFIZU9PQUdRT0xEZExKNHQyQTJPQ014bEZTWlZhdkNuSVB3amI1cTFYN2FoMVotb09sTEVDUm9tTjNSMGhHVTVPNGZjUEVaVFJGYlg4OGwxazJuM2JVNnVEbWJ6cjVXQWFrZzVEMTF0eWR6VjY4eW4wd25VaXIwU1hTdTlxbEtEeUw?oc=5&hl=en-US&gl=US&ceid=US:en,The Economic Times
2026-01-07 18:29:55,RFK Jr.'s new dietary guidelines go all in on meat and dairy - NPR,https://news.google.com/rss/articles/CBMihwFBVV95cUxQaHlyRExUeXUwWnE2UWNicmhLRW9LaE9qbjVKUm9VRndZMVZRNWNtMVFoaXZQNjJBT2gzcXNtOGtFVDVtWGNvblZqeVVQUlZsMkswUXlrZWRzVEZLaWVYN1pFbno0TkdhMG84NzRFbHVfeDBoUjhNTjZYelZYM2xOckFpSktNQUU?oc=5&hl=en-US&gl=US&ceid=US:en,NPR
2026-01-09 09:15:54,"Russia’s overnight strike on Kyiv damaged the premises of a foreign diplomatic mission, the embassy of the State of Qatar to Ukraine. Russian strike is a grave violation of the Vienna Convention and a reminder that Russian brutality knows no limits. We stand r - x.com",https://news.google.com/rss/articles/CBMiZEFVX3lxTFBBazgzem1IRndYTGU1Y3ZBb0tHLWZHMlo1YzhlRW50SkJXT3paUDlMYlZCRGMwMnJjTnJJV2UtRjhRSWdlUW5rTzEtSUNseWxpajdPTmhzZFdhQ2plcUZESUR6cGU?oc=5&hl=en-US&gl=US&ceid=US:en,x.com
2026-01-10 12:58:40,"Individual investors account for 54% of Constellation Software Inc.'s (TSE:CSU) ownership, while institutions account for 39% - Yahoo Finance",https://news.google.com/rss/articles/CBMilgFBVV95cUxQWUs5bTMyeDczemkzN0kzR0JHdGp3VVgzRTJJVWpOWVJPSDZPTVQ0Y29pODJ0YnpnVnJKYnlKZmI1OGhsYmRnRVNOdXVDVmpzMVNoQTVYd0xFU1RfcWZPTW5GZ011Q2c0LWdteXh1NDBBQXd4V0ZJNkV3Y2E5b1RDb3JBZlVERXdodmhOVUNHRkRCN1ZER1E?oc=5&hl=en-US&gl=US&ceid=US:en,Yahoo Finance
2026-01-09 19:46:35,"JPMorgan (JPM)’s Multiple is an Insult to CEO Jamie Dimon, Says Jim Cramer - Yahoo Finance",https://news.google.com/rss/articles/CBMihAFBVV95cUxNaTVKZkdIenhSck91T3hDb0gzbEMyaGpyWkVPNjZTVEZVMkoySlZ3dmJzeWQyeHFPQWVYSXc3MzhqZm4takN4Q0dTdW9OVUFDX0JaR3J4NWs2amdWWEhTalExek1BSTRwNUhqellzUE91OHMyVlEzZnpyOWF6ZkVEUm1vLTM?oc=5&hl=en-US&gl=US&ceid=US:en,Yahoo Finance
2026-01-09 12:17:55,"iLive Connect Launches Indias First Virtual ICU-like Home Monitoring Platform, Revolutionizing Proactive Healthcare - TheWire.in",https://news.google.com/rss/articles/CBMi7gFBVV95cUxQMTJqU2JxUzRXcDY2TjdBRnVHN0VyU2pTeGNBdjdzWlNhY0xXMWlCSWYtUld4aGx0T295dzBxMThIWEFQTmF6VUZnRURUSmpPbFhSanVIN3kwVzBHaXEyemVMNUxJTDZKa1BZOHA5OWU2N040X0FmZFJzbW1QX1cxWExKa1JxU0FlQVp4aHNoblNTVFd3SV9STVFKbFNKRTlDOERtNzV4SGhJQy1hN2RWQnZkOWVmQlJBVDB5dVUwQkdsYUVUaWRWVkNXWmhlaFhTRDhYNElYRUlwTGsxUjVYSy1tU2szaVJWNzRfNGpn0gHuAUFVX3lxTFAxMmpTYnFTNFdwNjZON0FGdUc3RXJTalN4Y0F2N3NaU2FjTFcxaUJJZi1SV3hobHRPb3l3MHExOEhYQVBOYXpVRmdFRFRKak9sWFJqdUg3eTBXMEdpcTJ6ZUw1TElMNkprUFk4cDk5ZTY3TjRfQWZkUnNtbVBfVzFYTEprUnFTQWVBWnhoc2huU1NUV3dJX1JNUUpsU0pFOUM4RG03NXhIaElDLWE3ZFZCdmQ5ZWZCUkFUMHl1VTBCR2xhRVRpZFZWQ1daaGVoWFNEOFg0SVhFSXBMazFSNVhLLW1TazNpUlY3NF80amc?oc=5&hl=en-US&gl=US&ceid=US:en,TheWire.in
2026-01-10 07:55:18,I am weirder than s**t: Lionel Messi | 'My wife Antonella can tell many more things' | Inshorts - Inshorts,https://news.google.com/rss/articles/CBMihgFBVV95cUxNTXVMdGo2V2MzYUh4ZnMzWEE0dkFfMDVMQkNtRVQ0VkI5bmJyRHoxaTJnOVRGSUJYX3kyek5RMm55MXNPdDZvM1E4UkEyT2FIZlBYTVpXN3hta2dmdGdLaGhnWEdDSi1nYVJ2NWlIelVkSzNXT3RUeFJETnduX2NrcFpmMy1kZ9IBiwFBVV95cUxPYUQ5U1RfUXotcU9pcVU0dlZzRzNLbUZDTF9IWm9EeGVId2dXSWU0UUlTeE5OS1JNeE5vSEJzLVVrOUlyWkFWTE03ZnpIMmJIbzZzbVBXQW5JekN1M2h1TWh4X0kybVZuSXNYbWtQeGdKdEN1UGppTTZJaUVhZzkxc21FTnhuVk1ubGQ0?oc=5&hl=en-US&gl=US&ceid=US:en,Inshorts
2026-01-09 11:30:58,Will you notice any change at the grocery store because of RFK Jr.’s new food guidelines? You already have - CNN,https://news.google.com/rss/articles/CBMidEFVX3lxTE1qcXFTUThHMGN2Ymd2cW5OZ25HaUlncDVDcHhNeEdTY082T0FwY1NiR0tyczctYzlxazMxMnB6VmwxU3c1ZEpGNV9sRmFnY2laZElqT1ljY1ZUSDliR0hnekpwN21DQW5jazZNOHJhZzREVHE5?oc=5&hl=en-US&gl=US&ceid=US:en,CNN
2026-01-10 22:40:11,FBI’s Inquiry Into Minneapolis ICE Shooting Faces Doubts After White House’s Remarks - The New York Times,https://news.google.com/rss/articles/CBMilgFBVV95cUxOdjBOZm5JMEtOaXZoa2xCSkVsY0o3SWg2YWxBbTRwSGdBOWN1MXM3Z1hpVDZvV0JHOWdHYkdMTnNOVlJpeWdqMVB4WFg0cWtza0FvN3VzRUFPN3JQQ0JDbWE5c1huVjdtUXFFM0pncGNTTjktS1VoUGI3V2R2cHBCYUJSeFNUdXFiVl9zS1BGakU5Um9JTFE?oc=5&hl=en-US&gl=US&ceid=US:en,The New York Times
2026-01-10 00:00:00,Will RFK Jr.'s new food pyramid impact grocery stores? - CNN,https://news.google.com/rss/articles/CBMihAFBVV95cUxPa2JGcmxwZGluNlBXUFF2bHN2dmx6RktTcnFMeTdvaHhPazFBVUo1OHg1d0VHa2U0SzRhUXEyYW1qOURUNW1MZmk4ZkJYTXlFTnJHY2xPazlkTlhPRzlERjEyTndwLTdLMVpGdDZXR3Q3MHEtVVliR3cwVmV6U2FYd05nQXg?oc=5&hl=en-US&gl=US&ceid=US:en,CNN
2026-01-09 18:33:03,Redefining Mortgage Lending Compliance: B.C.’s Bill 29 and Canada’s Evolving AML Regime - JD Supra,https://news.google.com/rss/articles/CBMihgFBVV95cUxQMnFQcUFGM0g2amtrQml2TW5NOFJKOVJZa2VVZEo2alBpSG5rNnRPenBFaDJNYk1ZTWxHc2VtWnA3RzFwNldMcTQ5VndXWFFlSU01ekljNVZFQU00MWhNTHRJQW16a2lxU3phTURxTEhXblg1M3lmd05yb0lKWTY2WDBBby10Zw?oc=5&hl=en-US&gl=US&ceid=US:en,JD Supra
2026-01-09 19:48:50,"NVIDIA (NVDA)’s Gonna Have a Great Q1, Says Jim Cramer - Yahoo Finance",https://news.google.com/rss/articles/CBMifEFVX3lxTE1jWmtOV3JtOHA4VldnT0p4ZnNIZ1VfeTJYOVBLSzZJNDZFWHRlQkdPY0dVd1N4RHJSYTFKbUs1VFVFOTI4MlhfMC1jY1pVY2QzcnVWclVBMmg0TkIydVFRS1dNM3NCU0tXd1ljaDdnWC01YTVYQ010NzE0UFE?oc=5&hl=en-US&gl=US&ceid=US:en,Yahoo Finance
2025-10-22 07:00:00,S. Paul Kapur - U.S. Department of State (.gov),https://news.google.com/rss/articles/CBMiWkFVX3lxTE01MjJRckJwakdkWE4xbkxITXdOZ3pHWkhrUm8tQ0J0Z0p6T0lJNzFpS01PN0JrWHcwdEZya1VXM2JVaUxNckNIS0YxZVBUQzNkUElZSkpmNzJYUQ?oc=5&hl=en-US&gl=US&ceid=US:en,U.S. Department of State (.gov)
2026-01-08 11:23:54,The Dangers of RFK Jr.’s Unscientific Vaccine Schedule - Time Magazine,https://news.google.com/rss/articles/CBMiaEFVX3lxTE1vZ0NmSTJuU2Y5SU02cFh0VjVhRnNxWEdHVTlyZ3J5a2tQTXhNV2RrUXdKd2lKVXMtVDE4WS0tU1NjUGh3LXV2dXVSRXNaOENIWXZweGJ0WVA2eENWcnJlSDgtU2xnMzE2?oc=5&hl=en-US&gl=US&ceid=US:en,Time Magazine
2026-01-10 21:46:00,Golfweek 50th anniversary memories: Brian S. Peterson helped magazine go national - Golfweek,https://news.google.com/rss/articles/CBMi5gFBVV95cUxOSnJNdDlSdjV2OGZTbEJ3RVB6R0kwcTNQSTItWWxxY09nYTdxUHA1N0E4clBLRWtjVVM0NlM3b3RvdUxmUUpUUVBfRTlrVG8zNjV6VERRdkJxczlqT0dGdlJYSGpVeXg0WWRrdXhJWm1FSEFRTEZDTkRNVmgwNk5KVUNQOVA3VXppd3dqd1gwTjZPRjZpbGdMM3dtdnFWVW13STN5MG4xd2dlZm9VZHN3MmZhZnNWYVkwaDE1UDd3Y21TNGpJTUd1V0RoTFR6OGVWREFNVmNqNVBGbGF2Y1BCVEFnWm84QQ?oc=5&hl=en-US&gl=US&ceid=US:en,Golfweek
2026-01-09 06:11:14,"Four civilians were killed, including a medic, and over two dozen injured in Kyiv after a horrible night of Russian strikes. Residential areas, critical infrastructure, power, heating, and water supply were all under brutal attack by cruise and ballistic missiles and dr - x.com",https://news.google.com/rss/articles/CBMiZEFVX3lxTE9NRm1PaTh5amRsRVV4QUs2dE5HQVhhUDlkZDBjRU5xeFJYMl9FS1NKWEFrc1BYSVNCUUJaR0VpTlZ0bWpWSDU1YmZNSDhBM2FSaFNMNmJUVTdyNFZxSUNfeHRlQ0c?oc=5&hl=en-US&gl=US&ceid=US:en,x.com
2026-01-10 13:18:34,"Aurelion Inc.'s (NASDAQ:AURE) largest shareholders are private companies with 42% ownership, individual investors own 39% - Yahoo Finance Singapore",https://news.google.com/rss/articles/CBMiiAFBVV95cUxQSUhkWjN5V2Q3RW5wbkgxWjJOVmFNTDdGYWMtU2xjU3ZLMngxNnlkMDM2eUVhcHVCdnhCUGZEdWlvQzF3aFh3RVRWeHcxalVDWWFVZ1k4R2lIZVFIM1I4Z2p1cTBfcDV0VW1OUmRxTnRGS3prNldtMTVrM0FXSFRJZXFMUTRPbXlH?oc=5&hl=en-US&gl=US&ceid=US:en,Yahoo Finance Singapore
2026-01-09 20:24:19,"Visited the site of today’s Russian strike in a Kyiv residential area with Czech Minister @petr_macinka. Russia struck the same spot twice, killing a medic who arrived there to help the injured. Such cynical terror requires an immediate response. We’re working - x.com",https://news.google.com/rss/articles/CBMiZEFVX3lxTE5ibUFiXzNDdEJNYWRMRWx1eVBTV3Rfbk4wMW5BVEE3RkNtSnpXSDNzc3I0ZE83YWVOWmg0OGpFcm5jbnFkdWg2ZklqUFpGMEhuZFNzeUNaMFV5ZWM2NmNTUUVJcTg?oc=5&hl=en-US&gl=US&ceid=US:en,x.com
2026-01-08 15:16:00,Old food pyramid vs. RFK Jr.'s new food pyramid. See what's different. - USA Today,https://news.google.com/rss/articles/CBMitAFBVV95cUxPeGhMNnNROTByNmFQYXhtaGpsaTZNclJjbEZjNWtmUFhKMHdHLXpIa0F0ai16X3FFUllwVHpJODVSclcxR0tUaTdXakRQcUhNZHpvcldDUjBJNlluSXUxU3ZLdXhhT2xGX0NzT0NyODdMSG1sOVBmUmV1YWZZbHhRTkpOZC1VYmFxWnBjakxlVi1ETmU1MGx6WklBamNmdDVPQmwwdzhmemJQMnZCMUVtNmhtcDY?oc=5&hl=en-US&gl=US&ceid=US:en,USA Today
2026-01-07 12:00:00,Investigations of Foodborne Illness Outbreaks - fda.gov,https://news.google.com/rss/articles/CBMimwFBVV95cUxPZk9CZUFHZmRHM3p1V1VfczVQOGxOVU5VSjllbF9tSzFyZDZqVXpfOVdTMnNVZk9VZjRVTDlRN3pvbjZZTER0bG5CY2h0Q0F6SldIMDl0WXNmanBtSGthVjQxMU5NZHNibkNLMXBqRnVsOWk4andKSkdrWUM4eUYzaFVzdGI5OFFXRGE5NWJTTFJja2cxaEJaN3doZw?oc=5&hl=en-US&gl=US&ceid=US:en,fda.gov
2026-01-10 23:44:19,Nigel James Jr.’s career day not enough for Marquette to beat well-balanced Villanova - Marquette Wire,https://news.google.com/rss/articles/CBMiuAFBVV95cUxPWDltb2M4c2RVV1FHOHlZakZ5cEkyNWFzTS0zZDFoS3NHZnFQdjdsLUl6cmxCamMyQXpNbHpyVmZCYUpENXVqTjdrX0N0NFpfVnVCY0wzUTdxbU9VQmUtQ3Q2SmVHOXEwdFU2ZDBYdU9DeWdkYzlKbnpGc0p6N3B2OWJqY1lwMDZGd2FEeUQ4MUZiNW9uZVY4clk1SU5jaHp1V3A2UFlJSDllelh0Mkl2Ni1zQU01S0Jf?oc=5&hl=en-US&gl=US&ceid=US:en,Marquette Wire
2026-01-10 20:11:02,VIDEO: Fr Oche singing Lord's Prayer in church - Australian Broadcasting Corporation,https://news.google.com/rss/articles/CBMikgFBVV95cUxPY1F3bXFkTUVWQjc0cVM1ZUs5dVp2Wm1yTE91SXVLbFBnd3dELVJZTlBjamEzZHlEeFp6SklQT1BkU2dPV3BsTTdvQ2ZwTm12NndDSXd2cDItTGh2R1Q0MjM3MzR3cFQwRGhsTUNVbE5iZmJpV0RiS094VDlTTjlwMnFTOV8xOWV2UHNHRkFDY0FHUQ?oc=5&hl=en-US&gl=US&ceid=US:en,Australian Broadcasting Corporation
2026-01-08 23:45:42,Ukraine Awards Major Lithium Project to Investors With Links to Trump - The New York Times,https://news.google.com/rss/articles/CBMiiAFBVV95cUxQVkQxbVR4MENtZFZ2TEF0ZkZuOGZCWjVScDktUW5RNkZYUjJzcWRURWJpWjFmbzZod0VZNnFqc2ZpUkRFT3pLc0RmakdjWGo5eWRKMFk1TFg1bTJpT3NnNUdKVVNzM0dHRHhmVU1nRFMyQi1pZ05FV3JQR2tBUHBnbFY0OGo1Qk5W?oc=5&hl=en-US&gl=US&ceid=US:en,The New York Times
2026-01-08 17:54:06,RFK Jr.'s new food guidelines could boost beaten down fast-casual chains like Chipotle and Sweetgreen - CNBC,https://news.google.com/rss/articles/CBMihgFBVV95cUxPaV9RTXRaZDNmSjFITGZCZHVybnY5NGg4dGlrWTc1bUFoV0pkdFhHUmhQcHppQjBSbURrV1VfSVEyaE9KcFFHb0ZTWWNJUFVoMFFKUEt4bll3akEwQ1JFbjhPRTktMTVzUi1menJEcVB1TGNJRGk0dUlqRzVfOVdiaHdMNTFNUdIBiwFBVV95cUxNZUd5a2lLY2d2eDhSYzhJTUMySmd5X2pHb2Z2UEZTRFlEeVVPUnRsbWE5d1ducHNob1VrSmw1QkpoNE5iMzFiQ1BoUXdpcU9YNUhOeFZTcmRsdktNbFFwenlrUjVUUzJoamE5VDh0cWI4bUNYclFsQmF3Ukw4M2c5TDF1cWN6XzQyTVRR?oc=5&hl=en-US&gl=US&ceid=US:en,CNBC
2026-01-10 09:06:25,𝐑𝐞𝐬𝐩𝐨𝐧𝐬𝐞 𝐭𝐨 𝐊𝐏𝐌𝐆: 𝐎𝐛𝐬𝐞𝐫𝐯𝐚𝐭𝐢𝐨𝐧𝐬 𝐨𝐧 𝐍𝐢𝐠𝐞𝐫𝐢𝐚’𝐬 𝐍𝐞𝐰 𝐓𝐚𝐱 𝐋𝐚𝐰𝐬 ---𝘉𝘺 𝘗𝘳𝘦𝘴𝘪𝘥𝘦𝘯𝘵𝘪𝘢𝘭 𝘍𝘪𝘴𝘤𝘢𝘭 𝘗𝘰𝘭𝘪𝘤𝘺 𝘢𝘯𝘥 𝘛𝘢𝘹 𝘙𝘦𝘧𝘰𝘳𝘮𝘴 𝘊𝘰𝘮𝘮𝘪𝘵𝘵𝘦𝘦 We welcome all perspectives that contribute to a shared understanding and successful im - x.com,https://news.google.com/rss/articles/CBMiY0FVX3lxTE5PS3l2OFdhNUdHOFlhekZoNmlLOVNpejE0LWVsSWxsZnpocXROZXlMcXBxelNib2l0X2lpSm9COHVEZUVjZHRXc09XVUlVY0FUSFVMQVB6d1gzbFNlellhQXZZUQ?oc=5&hl=en-US&gl=US&ceid=US:en,x.com
2026-01-11 01:53:59,VIDEO: Bird’s eye view of bushfire burning in southern Victoria - Australian Broadcasting Corporation,https://news.google.com/rss/articles/CBMiqgFBVV95cUxPWVJ5N1hJLV9Hdm9nQkptRU9YWi1GQzN2SFNsWW9zaXF4TlhUWWFlMlN4VEZHdjBtVkVOZHFEWlVUazFMTFlJR0E4N01jYmhLNUlGcnMxRUg5dFZOaVcycjMzSHozczV0aFlrU01wV1hTWktEVUpvOV9zUGJ2ejdWZmsyRkFNY0ljX1lVb3c5ZnZ1eFF3U2RYcUN0VV9RMHNoRHBHamZGb2RhQQ?oc=5&hl=en-US&gl=US&ceid=US:en,Australian Broadcasting Corporation
2026-01-09 20:14:10,What Devon Energy (DVN)'s Oil Price Pressure and Venezuelan Supply Questions Mean For Shareholders - Yahoo Finance,https://news.google.com/rss/articles/CBMifEFVX3lxTE5feTlzRk1NQ3RGSTFnTTl4X0xlNG8zSDhVb0hlcndPcVRVTWljaVdZSWNtQWpJeEpfa0hFQnVWejlEZm1nZzJKc3cxbFVBQTBBU0hZdXZCY1NLQWw3RjJfR2k1V1RSbWpUUmxoRngxN1p1Tk1EeERZUjhUMzA?oc=5&hl=en-US&gl=US&ceid=US:en,Yahoo Finance
2026-01-10 17:14:31,"BJP, JD(S) Back Special Karnataka Assembly Session to Discuss VB-G RAM G - Deccan Chronicle",https://news.google.com/rss/articles/CBMi0AFBVV95cUxOTEhXSG5DRDcyZHFJQnpVZW1OTDVnZXZZSjVNUy1BeFQzeWxCR2NhVS12d3JvVWtaQmtlOUppVUlSallNU2hwZlFZSHF5Y0wyRERlM2Nobl93X0hTQkJadHIyMTJlc3lGV0ZLcGdobjU0SUZQRWtEVzhZX0RNM1JUQjI3ZmdDblp0SjJ6ZTg0aFV6OVo0RXROQ3pNZTRNamd5dGRDalZQNklIcElfdEpnaXJVRUE3WWRTQzdqcmVQU3E2el9FTXpWYXdvRXVURm1S0gHWAUFVX3lxTFB1U0t4T1pDT05zMERYRFowT0dsY3Z3aFBZeFBBeXpvU3FjV2hwSDloNlY3T1ZYUkZDZXJuQm9yTWxJdlg2Nm9leWxxRjRyYjUxRUVvQzlyYWwxYnF0Q1RRTXhTYTBaaml4WW96YUJsRFA0b3NKRlFSVWdlYlZHLTQtMjFKakk0WXFVTWxzR3VlcFZuZ0MwQS1NSFp4MUtlS0daLW54WG1VNFJDejYxbVFPZ3BuYkw0b3dJRC1pcENrQzJtTEY2aVp5c05nd2xkTkEzWDktMUE?oc=5&hl=en-US&gl=US&ceid=US:en,Deccan Chronicle
2026-01-08 21:59:56,Piper Sandler Turns Neutral on SentinelOne (S) Despite Modest Valuation - Yahoo Finance,https://news.google.com/rss/articles/CBMijgFBVV95cUxPS0JxVlplXzItVlJFZXhJV3FDYWJEX0dlVGJxYUdhTGs4Vy1malVSYzRuQWc1SUlGTjJnVW43SzUwbERQUEtrdkh0ejBMaUNObWVwSjVDY1RlX2VGTi1QbEl1OHFyODF6NWxBUzJkQ05qZ09vT2JqSEo3MHVZZWw3UG9acVpPalpQZHpickFn?oc=5&hl=en-US&gl=US&ceid=US:en,Yahoo Finance
2026-01-09 21:59:46,"RFK Jr.’s Food Pyramid: More Fats, Fewer Grains, No Health Equity - Word In Black",https://news.google.com/rss/articles/CBMimgFBVV95cUxQZTZGVVpidnExd2ljU1VZRGdRcFlfdmlFQnBHZVY4X2o3V19CUk41bTZHbGR0Ujhmcms4UWZWZEs5Z2sxY0JCdF9ZOEhxeG9xdzd4dzkycFNWT09HN3FMWW1FWmhkT2FtTndWejJ1SEZIdENWWW9HbWNrbFhjV2R3aGM0a0NsS2xRaVB0aC10TG1jbjJtclpOWFNn?oc=5&hl=en-US&gl=US&ceid=US:en,Word In Black
2026-01-10 18:16:59,FBI’s Inquiry Into Minneapolis ICE Shooting Faces Doubts After White House’s Remarks - The New York Times,https://news.google.com/rss/articles/CBMilgFBVV95cUxOdjBOZm5JMEtOaXZoa2xCSkVsY0o3SWg2YWxBbTRwSGdBOWN1MXM3Z1hpVDZvV0JHOWdHYkdMTnNOVlJpeWdqMVB4WFg0cWtza0FvN3VzRUFPN3JQQ0JDbWE5c1huVjdtUXFFM0pncGNTTjktS1VoUGI3V2R2cHBCYUJSeFNUdXFiVl9zS1BGakU5Um9JTFE?oc=5&hl=en-US&gl=US&ceid=US:en,The New York Times
2026-01-10 05:55:39,"Chinese, Russian, Iranian warships begin naval drills in S Africa - News Arena India",https://news.google.com/rss/articles/CBMirwFBVV95cUxPQW9OTUczX2lsaWFnWURzcmFJS25ReVBvMmpXR1l2R2ZaTEN3NWE0QWxGeVplT0VUc2pyWlNTUGlibVhuOXJFSHJ3ZzRINDVWazZpSk1hb3J4MW80RU1CYzA0cjNFcGxXcThkb0RNbXJkREQwM3NMSjhQNHh5MVAwTC1sa2xSOU9LU1NjV3RxdTU3VDZsdnpzYzFHWTc1ZTd2WGdlOEZ6OWpwS2RiSTdv?oc=5&hl=en-US&gl=US&ceid=US:en,News Arena India
2025-09-08 07:00:00,Premiere at IAA: Walk-in Model shows Munich’s new XXL S-Bahn - Siemens press,https://news.google.com/rss/articles/CBMiowFBVV95cUxQWkpUUDFERHNXR2xkWXlEWUdYQnB1dzlTekhqMmpyeG9tc2hMOEhFRTNOSjZHSnFLa21TWjNhb3lncmxEckpjT3JnMV8tWnJsLVFDYndYMmFVU3FoRGFCSlRiZ29FcUQyTnBLODNEcWlkRWFxRW1rNmlCcm9OYmNqYmJnSUxJR1AxbENZaFRqa1RWOXZUYm9TLW0yTTF5dk5zaEQ4?oc=5&hl=en-US&gl=US&ceid=US:en,Siemens press
2026-01-06 15:41:50,S. 138 NI Act | Cognizance Can't Be Taken Of Time-Barred Cheque Dishonour Complaint Without First... - Live Law,https://news.google.com/rss/articles/CBMi-wFBVV95cUxORGsxMDd4RUJyb1gzYVJCd1l4VjhJakdDR3BHMWI4ODFuTWlHMFV2elU5bXRkOUx3TndNWXBrRUlYTG1NdVZyeHBOVHBXNjVmQ3FrMzVPWlo3Z2FiRFpSWWdRU0VRbDZCZ1djaUpsV2N0dU1FcTVSWjFFekxRUlpHVU42dTJmUWVWcG5YZEhzV2VnMndVSUdKazZRMHJMY1BuTWlGQmlOd2ZmdzJvdkJ0RnllMEx2dmpudVlwZDVFbFlxTzJWVTc2T2dUYTBMWUh3b25zMnE2TzNQdHI2Y0REY0xmbmEtQzg3T0dNM3piSm83RjhpWTV1a0RKZ9IBgAJBVV95cUxQQ0ZtQXU4YXVEbndCZkUyU09iRElYQk5kdV9EbWFpSmFnYnM3bjd1b2lVZlpQd0xfVWlqZGtFMFFhUnBscEdiU0VCVExaYU5FWVBWQk5IRmxMdzdGTlFoTGZ1c3AyN1Q5NWxmNTliVll1TVpqMjhfbVJNd3J2WW5mdDRvQm9Jdm51cTZ3T1o1SnJ4VENKeHBwdWk5VUQ3cDhfZUFncl80NGw5c2RabHo0STZQVXR6aUlUS19PZ0xiV0pGMmpyU1FxVzBlSXA2dTJLOHpkUnY1U1NRbzZpOE1kTE1WcERQYkw5blhQT3dveWJRTFBvM3ZRemVvTDVyQUlE?oc=5&hl=en-US&gl=US&ceid=US:en,Live Law
2026-01-05 14:29:06,Is S.17A PC Act Sanction Needed When FIR Initially Mentioned Only IPC Offences? Supreme Court To... - Live Law,https://news.google.com/rss/articles/CBMihgJBVV95cUxOTXhpMU5ySDJSRFlheDhQVzBFN3M2TFRpcWRlUzUzQVZfX3VvR09leXUtQ0kydjljNmFCakVaQ1FFOVNabjZvVTZrdEVTYTlHOHNXRllQSW5ZeWlLTDUwYm0tQndySVFnR3V4b3VFMGU5MjN5WkJERWJxR1RzZ25TOG1ma2QyZjg4Yl9OdTZ4dGpINWlVVVBrMWZVQWNSaTI4bm9ZRnJzVHFuczA4VGF1dEtuX3hmaFd2TFg5b2I2T1B5bWNfckdEY3hvY2ZVNFlBWWdqNUZ5T2lqNWotNXpZWDJlTk4tRVplaThTQUx3cmROTldacTF6QW14RGlKODQ4N3Yzbk930gGLAkFVX3lxTE1XQk1FTU4xUWdVNzhuX1VGdmd6TVZtSWhqaVVyNU1aeF81Q05uVTJzdGlzT2IzZ3lvQ01yeFhzdnAyN25KTE9PYTQyQy1HZXNJR0k5MEh3M3gwN1pDeC1jV0hVcGI3czB0VmtDTUNUQmZPSXhucGJwc0NMcGxIRDZwMGVmdVcycVBmTkplVm54T2V6V0YtZzVQbHRvekwtaWFLVWdZVmdrY0MzWXVfSnhfd1ZRd0ZPSjBHY2tLYUpzUFdYWHBqYmVlNUkyT1dzclFHamg2QTAtbWlzNWR5V2JEM3FHdFIzUTc5X3VyeGs2QWFfVHg0WmQ5M3d4aktCVEYtaU1Kdm9jTl9aaw?oc=5&hl=en-US&gl=US&ceid=US:en,Live Law
2025-09-26 07:00:00,Family road trip to Sakleshpur + S-Cross tyre upgrade review - Team-BHP,https://news.google.com/rss/articles/CBMijgFBVV95cUxQZTYyTS1BZjVZemhIaVo5N0JwVFNFZEliV003RUwwT3hEOTl5cHRIQ0l0bXRQRmFJc1JOVFBral9TNG5mcjN0V3Rvd3hoN1V5UzdTNTR6SlotQUtnLWxRVUNtV01IVG5fbzZCUkZidXhiZHBEZEJWRGE3N1pZVjhBZ2tMYlNubFFyUWhSaXNR0gGTAUFVX3lxTE1nek1iWGVVaGlZc2w4Qk1pbkd4Vkd1UzFSeV91S2hYQllpcUVtWFh6djNpZUFwa3pvU3BjWnpkWHpmZ0J4WWc1NkNtbEtZekhoMmtFMGs4ZHItZ3B6aEZING5OalBCdzdGLXR6ZHlSajRNQmkwTXlHaF9IZDBQbEVKd3ZuWXJ2X2FrWXJHc0Q3bGVOOA?oc=5&hl=en-US&gl=US&ceid=US:en,Team-BHP
2026-01-11 07:48:24,S.126 Indian Contract Act | Promoter's Undertaking To Infuse Funds Won't Amount To 'Guarantee' : Supreme ... - Live Law,https://news.google.com/rss/articles/CBMiiAJBVV95cUxOelpzT2hxVkktd3cwdS1KUUxKOUhUb216RXZkQTdLdHhGbFR1OVVaX3VnOEVobUVQT2c3dTVzTl9USF9tMUd6RF9KeklZM0ZlUGJJZnowYzg3aTRad2VaVUlKR3FxaEhfU3lWelFYLW5xV3NxOWVqMlU5b0xUcGFKQkR5dGFBZWxXc3ZwdXRibENHUlZxMVJtakhTLWhISEljTUlLdExvaUpjeXgtN2pxOG56ZVV6cmVrdVhfWkJzVlQ5aXQzbUJVNjZUVHJSbUppQzNxd0NqWnZMWG1XQlNaM0VTSTBmamZRbHdtQzNqS3N3Z1VnTkFXT1BWZHI3cW8xM0ZPSlZDOWjSAY4CQVVfeXFMTktXakJiRzF1QjBTNFFwRk5pckJ1NHFKSmFCYXoteUEzeDN4Y0V0ai1zMlhmR3VGd0w0cGNNWTVJSDMxVWo4dE1Sa3d6akI4OVhhMGM0R3RaZ0czR01CWW5KMDdtTERSQ2VDUjU1d013U3p2Tnc5alZXV3ZHZTkyclNsemZuVHdtVDFlNHc2Y21lcnRyQ3JUcDN5dDZRVDhnUkV3b3JhZWdONVB1Uzh3Q3ZpdnFWYzcxQzhlem1HQjdEd0J6ZXNJSUkzM1RKYUpHWVo1MExZcVZOcmtBVmhzaFUxS1lGbnNzSnJKNDZ5WEZabXlTenJQYnF5OTZKMjBDcXdXWEc3eGxNanRnZk53?oc=5&hl=en-US&gl=US&ceid=US:en,Live Law
2026-01-11 01:52:03,VIDEO: Bird’s eye view of bushfire burning in southern Victoria - Australian Broadcasting Corporation,https://news.google.com/rss/articles/CBMiqgFBVV95cUxPWVJ5N1hJLV9Hdm9nQkptRU9YWi1GQzN2SFNsWW9zaXF4TlhUWWFlMlN4VEZHdjBtVkVOZHFEWlVUazFMTFlJR0E4N01jYmhLNUlGcnMxRUg5dFZOaVcycjMzSHozczV0aFlrU01wV1hTWktEVUpvOV9zUGJ2ejdWZmsyRkFNY0ljX1lVb3c5ZnZ1eFF3U2RYcUN0VV9RMHNoRHBHamZGb2RhQQ?oc=5&hl=en-US&gl=US&ceid=US:en,Australian Broadcasting Corporation
