Date,Title,Description,Link,Publisher
2026-01-08 12:32:05,Why Indias Overreliance on Russian S-400 Missile Defence Systems is a Strategic Gamble - TheWire.in,Why Indias Overreliance on Russian S-400 Missile Defence Systems is a Strategic Gamble  TheWire.in,https://news.google.com/rss/articles/CBMiwgFBVV95cUxPQW9tbDFPeW1rZktRaERMUHlNWmRQNDNPQmR5YXc4MG9ETVYyWmF6ZlBoYzc5dDVRY1lMa3pCLTVqV08zNTVjcXVBZnNSNTBmcExJQlI0R08tVkk1cy1uZndNNVFQTUJ0VUhzcHJRN0FPNW5zOFlJMWFhZ0ROYUN3SXV4dzlsM1pJYWc4QVNoTkFSb05MUm4tOEFzb3EtMmh0SHRLSjExZmROMkp5Qzg0ZXMxS205R0h6M01aTGlZNW5WZ9IByAFBVV95cUxNb3B1d2ppaHNvUTlFZ29vSnBvRzFwaVZ3TjhFSThYUUZNMDJVYVBmb2lBR2lKYUlLZW44XzNqbjdiRFM5MUxpTU5xOXEwR0IzeFZudVVRRGhTY1dJU3V2R3RyVHdqRXFYbk5meVZkdnFOTjVSaVJmU2s1aXRJNEFtbkxILXRDRURGbjRZUkdPRTdfU3pRWkVoemNwdURKSE80anlJcDB0bGU4OF9LcHNoUWVTZkhvS3JzcWgzampQcUxCM2dBTWFzSw?oc=5&hl=en-US&gl=US&ceid=US:en,TheWire.in
2026-01-09 15:07:00,"KLIBF: S. Hareesh on latest work Pattunoolpuzhu, its dissimilarities with his debut Meesha - The Hindu","KLIBF: S. Hareesh on latest work Pattunoolpuzhu, its dissimilarities with his debut Meesha  The Hindu",https://news.google.com/rss/articles/CBMi6AFBVV95cUxOSzVySmJLMFQ4WmFUR3dMQXhhSDdDZmRJUm9vY0RTVkJ5bG15Zk9RN0dvTWYtZnNVY2lsZHpESVM1OGhnOVpoR0I2dGR2WU81bUJsY0R2NWM1dHQ2NHJrQmdYNDM2ZnlvVkJiZ29uUjhkVkFhMjdhZEU1SU5UMG5vdk5FQWRqWFA3WEMwVUtrckhUcldtV0txOWN0QUE3SEdNU0FNUkI0RE9fX19HZFhJNmYyZjZBQ0FJekRQSHFzLXZmdk44VndSQXBTbzdLR19ScXZQLV9UZ3V4ZDUtQS1lN0JrdG5EODFZ0gHvAUFVX3lxTE5sQnFKWVRPb0ZfV3JScFpZXzVTaW5mdEVvS0NIdnh6QXNGS2tEOUQtS0w3UE9zNnJtMnl6VUMxYWNzbWdJT3NITlZkY0tTNGM5R0d5aXdDTFhMRFBLNmtjcjlVUjFrNEtsd2Vad1FvdEd6bUFveUQ3Q0hZM1NrN3h1UUxUUURNN183YzRGSTZkbmNqcmlvb2NYaEMzOXpTTlNsWGFFU0U3Ty1XQjZURkZiYUJzTkgwZzV2THpwb3JvaEFnaDhXTzNWZU8tMXhkejBnQmVmQkFUdmFGOThGMVFVV2p5dDc5NUtJdnpabjZV?oc=5&hl=en-US&gl=US&ceid=US:en,The Hindu
2026-01-07 18:29:55,RFK Jr.'s new dietary guidelines go all in on meat and dairy - NPR,RFK Jr.'s new dietary guidelines go all in on meat and dairy  NPR,https://news.google.com/rss/articles/CBMihwFBVV95cUxQaHlyRExUeXUwWnE2UWNicmhLRW9LaE9qbjVKUm9VRndZMVZRNWNtMVFoaXZQNjJBT2gzcXNtOGtFVDVtWGNvblZqeVVQUlZsMkswUXlrZWRzVEZLaWVYN1pFbno0TkdhMG84NzRFbHVfeDBoUjhNTjZYelZYM2xOckFpSktNQUU?oc=5&hl=en-US&gl=US&ceid=US:en,NPR
2026-01-10 09:14:12,Mahindra Vision.S spotted testing again; Inches closer to 2027 launch | Hindustan Times - Hindustan Times,Mahindra Vision.S spotted testing again; Inches closer to 2027 launch | Hindustan Times  Hindustan Times,https://news.google.com/rss/articles/CBMiyAFBVV95cUxQMXd2d3NOZFBoaVZjNUlWaTJrVzhzVEZqQU5IS0FVU3A1MmpwSjdxRjQybWdUVVpRdDhSMEJXdlZRYk5MeUZTRkpDdF82ak9wb2JPOHI3bUJZYmtNZjZ5NV9JdWF4c2RZRGp2RDFQOWdLYjVueVd3aHF5R0NVNnVrWWE5U3ktUWdXM0VUY0J0WFZiMEptQXRIZXR6QUpzTGFGMVBLbzdkakJETFh3cXNmZzFlbmp6Z096Si1FeVVnMmhCQU9fbmVmUdIBzgFBVV95cUxPcnBBdjFXNGRLUFBtZmFyRG5OY251bnZERWU5MzNtbkJhMlRHQl9EaWRoUHphUk9ldDBydUVzNEx6LXFUb2pYdllWempYXzBkOTNvX1VUaGlnYmRJNmgxbE10ZWxTYXZRYlk3RHdzSHVjQmNXOGJEY0VUczNzaDZXRlZFNWJLbi1kVndYUGxIZWNJcTNYWklXd3BRNXY2bnA5cFhjaXNOZW1nWFkxOHhpX0tfR0R6NXVoUzR1TXR5VGlTTDdkVmp4V1ZiS0U1UQ?oc=5&hl=en-US&gl=US&ceid=US:en,Hindustan Times
2026-01-07 13:15:47,"U.K.’s New Visa Rule Starts, Affecting Connecting U.S. Passengers - Forbes","U.K.’s New Visa Rule Starts, Affecting Connecting U.S. Passengers  Forbes",https://news.google.com/rss/articles/CBMivgFBVV95cUxNYkcwRFFvcFd3ekx3MHlVQUJLZ1d5b1RQNjRlbl90aV9aVTFVejdwVVhRZmE2eDBIMlZ5czVkQzFtWjdzYzY5UzRJVVdsekhJUDE1TEhKbVVCNWo2Ym9VRFY4WFVwei02cUNXTGhzVFFSbWt6SFZseXhrVkFzOWpLbzEwN01yVUhBOGxzUm1wREQ1YmlXT1d4ZjQ2c1VjTldqSENVcTRibUFjQm13NzMtYXdqRjBkQ1Y0RHUxQ3lR?oc=5&hl=en-US&gl=US&ceid=US:en,Forbes
2026-01-09 15:33:00,"Russia Joins Chinese, Iranian Warships for Drills Off S. Africa - The Moscow Times","Russia Joins Chinese, Iranian Warships for Drills Off S. Africa  The Moscow Times",https://news.google.com/rss/articles/CBMirwFBVV95cUxNU2FCQUMxYUtvMXRfYXVrXzM4U1JWVXhnbmN4OGxuU1VLUVNJNW9rN1g5UHBTTVdiemtFQkpmcDhpZjNoNmxPOGdYYUsyZ2o5dDY3QkozY1U0SFdqa1BYTWxVT1c4bDB1M0xpcFZkd0JpWHdEYjRpVUsxYWhXQTJ1bmlYa2M4dlVQakpWU1lTRW42V2tlRW5jZlZrM2Ezb3NCWWlZOGZuUDkwb2xBcnlv?oc=5&hl=en-US&gl=US&ceid=US:en,The Moscow Times
2026-01-09 23:55:24,‘JD(S)-BJP will win 150 seats’: Nikhil Kumaraswamy - Deccan Herald,‘JD(S)-BJP will win 150 seats’: Nikhil Kumaraswamy  Deccan Herald,https://news.google.com/rss/articles/CBMinwFBVV95cUxQODJTemxSMHE3LWdNLXZkclpMS3RGVng2WWRFMWtudl9lTTJGWmIzRFFmajJRT1dreXFJRzBNbVNFS0VtZ2JiX1FNSWNjTzY2bDNnN24zNzZaQTJrUHRLVmZFaDBHWDZLb0JpZ0xUNVZ0S3BSWjRxay1TaC1DemQzN3NJWExvaU03cFNXclR2WXJNdjdMb2QyUjBvczFPRFk?oc=5&hl=en-US&gl=US&ceid=US:en,Deccan Herald
2026-01-10 02:30:11,"Manu S. Pillai: How purdah shaped women, power and politics in India - livemint.com","Manu S. Pillai: How purdah shaped women, power and politics in India  livemint.com",https://news.google.com/rss/articles/CBMipgFBVV95cUxQb3VGalY4STdUdlNTdWRMSkIyWVJBLTA2WUNPZ280NG1mMGtqUHE1SXpzSi1aU1ZPVUFnUkNDSnVvdmhOS2lNSmZQYjJmUmt5di01VGJTVEplTG1uU1RQcE5FQm1fYkNzdmdxSDVoREFkM2dFOU5UblFpWnZPd3BFZVJiNWxYMXlxVWJvNGtDOEhqSl9DVkNiSXNJRG9JS2MyLVFQdElB0gGrAUFVX3lxTE9sQ3dDZmptWDIyNDVvUnhST3p5eW9ZbVFKQi1VRkhCU0JmeE1TYll5dWpkMDhCOG1oZzZsZWxzMVZ4RHNSZFlRZDQyTG1JVHMtYnZXYkY1TmhlZEcyWWlmTnFYOHJKRjg2VWVGNVp6VVlTQjNSLUpyWUd4bVFZdmtnc3oteDVXYy1WdFB4RWFTSmFKWHpubDBDcEU3UHJQM3NuZjJPcUV6WlNFSQ?oc=5&hl=en-US&gl=US&ceid=US:en,livemint.com
2026-01-10 08:18:02,Former CPM MLA S Rajendran likely to join BJP; holds talks with Rajeev Chandrasekhar - Onmanorama,Former CPM MLA S Rajendran likely to join BJP; holds talks with Rajeev Chandrasekhar  Onmanorama,https://news.google.com/rss/articles/CBMixgFBVV95cUxPWlhhM24tY2pidVdmYktvNHF2R3NYU01KNVdtNUljZnBDV2JZRjZydXJ2d1VOWTMzNU5ubVlHN3NreGo5bjZ6d2luQU5JcjFUZXE2dGZ0cm11RUtlSFBPSGRXYTFWeG1kcTd3bnFXdzl1c2VBTXhMcjlkY2k1ZEpROWxPR01lVjFIdHlub0I4UlZ1bWdiQnRuWWVDR2hsT2VXeUJJMW5xbGRGSTZ2dGJNTHFWNmxJWlVnZS1oYWhSRVlBbFZqaEE?oc=5&hl=en-US&gl=US&ceid=US:en,Onmanorama
2026-01-10 14:41:00,Former CPM legislator S Rajendran to join BJP - The Statesman,Former CPM legislator S Rajendran to join BJP  The Statesman,https://news.google.com/rss/articles/CBMinAFBVV95cUxNa0hwcTRPTEFpMWJzWFEyT2RGelBxOFlsV0JJLUxiaEFtYjdUOW15c1BYMURMenpzNkhSOWF2UHd0UUlBd3VOQjdwcWtVV1FoUHhIbEJQckFiWVJSa1V5ZkVkZEdHSEYwRkJVVUpGaVpuek0yNU05MjhMS1dsQXZncEE2ZU1mUnJseWw1MXZmSE1palVxdU9GenFOWknSAaIBQVVfeXFMT0tUVVA3WkctcUhTVDh6XzlyclFzYjNpbUgyZl80Z0NQb3F0NVFzR0J3OXlQTHdsb0ViUHRJTUgzYnJhRlZaeWZoR3VRamMtT1NnY1lVRWRkUk8zaGVfdTdudDRuaGU3VDVTbG1ueGItbUpWY1g5ZTdXRWRxZXpoeVVWcWVxN1haRUhXclE2TWJUUWlVWWZPRHE4UEFuUEtyZUx3?oc=5&hl=en-US&gl=US&ceid=US:en,The Statesman
2026-01-10 16:52:28,S Chand Subsidiary Acquires CPD Singapore Education Services for SGD 1.50 Million - scanx.trade,S Chand Subsidiary Acquires CPD Singapore Education Services for SGD 1.50 Million  scanx.trade,https://news.google.com/rss/articles/CBMi2AFBVV95cUxOQ1l1cTVvRzFkUG5xR29RVW13YUpLMmZYNTVVdG5TUE5sMjNNdGgzNjlhdDNLbzcxRkdKOTd2ZkppeXlMV2JlZGJNWmc2eXRmU2JUS25wNUNjWUg2VElQQmZRd213MHNETzM2elBhSHZaTmZNenZvYWFwZ0xBV2EyN1l2enFvUnVPeVhLSmlPUkVvWklaRXBQRHJMWEUzT0ppNWlKV0kxMFc4bjBQNy1VRTdiUm5SaFVoWTR1REVtU3BMN2VfbGs4VGJYa0Z3OXpxemRnaTJmdFk?oc=5&hl=en-US&gl=US&ceid=US:en,scanx.trade
2026-01-10 13:54:34,"BJP, JD(S) welcome special session in Karnataka Assembly on VB-G RAM G - Udayavani","BJP, JD(S) welcome special session in Karnataka Assembly on VB-G RAM G  Udayavani",https://news.google.com/rss/articles/CBMitAFBVV95cUxNNjJEMjVENmFjZTJVRDFOY2tyUW9fallxbFpvdDJVT3Q2djVPZUJHZGEtbXcxUXBtUlc3OF95em8xdjY5WkgyOUxSTjhYb0RmeWhneHEwMVJDOHpidTBwR0Z6VVVGOEJpUWtFNjFzODlKZnFHSG1mQWpxV2RjVFQtaU5kS2IxYVpZTWZPMlFiX25oTW9tcmg4TjR0ZDMyUDQ2aVpFUzF6UnBhejUzSURuWGMtaGU?oc=5&hl=en-US&gl=US&ceid=US:en,Udayavani
2026-01-10 04:15:00,"Grimsby vs. Weston-S-Mare (10 Jan, 2026) Live Score - ESPN India","Grimsby vs. Weston-S-Mare (10 Jan, 2026) Live Score  ESPN India",https://news.google.com/rss/articles/CBMiX0FVX3lxTE9CNWI2bTh5OUxtTG5HWkg3SXNYSzBMUzViZTVvdFpYRjVSLVdka241TV9TbnpmMkprbWpSUnFKeW9mc0loU3g2eEd4c2ZORTY4SE1oYjhkSzJ1cWNPWEpJ?oc=5&hl=en-US&gl=US&ceid=US:en,ESPN India
2026-01-10 10:50:57,"Invocation Of S.67 IT Act Requires Proof Of Electronic Circulation Of Obscene Content, Not Mere... - Live Law","Invocation Of S.67 IT Act Requires Proof Of Electronic Circulation Of Obscene Content, Not Mere...  Live Law",https://news.google.com/rss/articles/CBMiygJBVV95cUxNQkI1LXVmUXJhUnZ1cHJlU3VPeERFaG1YQjRMaFVpbnd3SXJBR3hKZVhJMmJCS3ZKa2VjVkZHRk9HTXRrRFBXdW9uT3gyWHlXNm04NHp2enhMdmo1NkMyZzI4SEJBMTg5ZnpBeVFSQ01JQndSZmF6cHdlSElQeVp4YzhBM3JJZUgwWndKNmc2cUN0QmVUQ2NTUGQxSXJKN05aajZrZEtOS1JyOU9zV3NIdjNUWm44VHNxc3dhQnk3VTlWTjQ0VEdNNjVHWUFwTm1NMElsSDZKSXBrcVkydzVWb2ZuRjVMYWRkcnVMMHpKQ2M5SkVZNklJTEs1dFo1dk1PdzgyU0FhTUctRXZaLWpuT0JYdUI1Zkt1LWhhbUc1Q2RpOUthdXdVZXRGZURzWXlDcC1sUEZncGdXVldHOExLdGxXWDhRZlluRXfSAc8CQVVfeXFMTWdkWlFZTk5JUzY2bFN3TWVvdHI1V3lqTVoxcU95WmtNMHFuQlFUbC1PS2NDMDZfWlRVWnBDUGRLSUIxYlRmeGRDRDVqQm1Hdklsbk9EMVUwdGNRMWtLczRwM2VNWDlRb2ZRN0xEbXdlUzBsWFYxZDFQRnh6Z0ViZVpBQ3RIdU5IVGRGRFNhVXRvZ0t6d0s1U2RzTGNTMFptSjJGVUxPaG10cEM2SHBsRjYxWE9Kc1plUk5YZmxlZ29pYmE2ZnZjZGpnV1M5ZS1Yc2ljNW5NbzNUd1FaaDJ2SDhDZEdqLXFCUjVMQWRjaXF6MUJDWUhOb1JrMC1oRUN4VzU1a1dPRDhoaktfRDdXRGZ3Sm5DWk0wX2d1a1ZpLVFXdERadmFhaFR6NW1oMFR3UVQ2YXVWS2dMNXM2RWV3ai1xUVRMclYtYjFZdm1veWc?oc=5&hl=en-US&gl=US&ceid=US:en,Live Law
2026-01-10 17:14:31,"BJP, JD(S) Back Special Karnataka Assembly Session to Discuss VB-G RAM G - Deccan Chronicle","BJP, JD(S) Back Special Karnataka Assembly Session to Discuss VB-G RAM G  Deccan Chronicle",https://news.google.com/rss/articles/CBMi0AFBVV95cUxOTEhXSG5DRDcyZHFJQnpVZW1OTDVnZXZZSjVNUy1BeFQzeWxCR2NhVS12d3JvVWtaQmtlOUppVUlSallNU2hwZlFZSHF5Y0wyRERlM2Nobl93X0hTQkJadHIyMTJlc3lGV0ZLcGdobjU0SUZQRWtEVzhZX0RNM1JUQjI3ZmdDblp0SjJ6ZTg0aFV6OVo0RXROQ3pNZTRNamd5dGRDalZQNklIcElfdEpnaXJVRUE3WWRTQzdqcmVQU3E2el9FTXpWYXdvRXVURm1S0gHWAUFVX3lxTFB1U0t4T1pDT05zMERYRFowT0dsY3Z3aFBZeFBBeXpvU3FjV2hwSDloNlY3T1ZYUkZDZXJuQm9yTWxJdlg2Nm9leWxxRjRyYjUxRUVvQzlyYWwxYnF0Q1RRTXhTYTBaaml4WW96YUJsRFA0b3NKRlFSVWdlYlZHLTQtMjFKakk0WXFVTWxzR3VlcFZuZ0MwQS1NSFp4MUtlS0daLW54WG1VNFJDejYxbVFPZ3BuYkw0b3dJRC1pcENrQzJtTEY2aVp5c05nd2xkTkEzWDktMUE?oc=5&hl=en-US&gl=US&ceid=US:en,Deccan Chronicle
2026-01-10 13:42:02,"BJP, JD(S) welcome special K'taka Assembly Session on VB–G RAM G - News Arena India","BJP, JD(S) welcome special K'taka Assembly Session on VB–G RAM G  News Arena India",https://news.google.com/rss/articles/CBMipAFBVV95cUxOdnI5VEs0RlpUeGxucUNSelEzNlpHLVFQLWp2MHcwNE4wb3hRZU1ZWHQxRnBmUWZYQnBSUnNYVmhkMFhYZ0dSUnVCdnBYOUhDQVd4QmMwMDQ4VUtodHhURTNnV1MwVWp4X0t4Q1dXb2hJNDFzcEpqbW1DQko1X2NRTzZfclVGa1daZmZkakRjLW14Z192NGo5QkxqSklTbGZWVllDRA?oc=5&hl=en-US&gl=US&ceid=US:en,News Arena India
2026-01-08 08:00:00,Harry S. Truman - Encyclopedia Britannica,Harry S. Truman  Encyclopedia Britannica,https://news.google.com/rss/articles/CBMiYEFVX3lxTFBmaGlaWjUzWElRNnYxaXBVVlQ3Ymh0TnZqTnZzazVwWk9GUWhxTUVvTF9HWG5Vb2t3UGNfbjdnQTFzYzZfb3pDOGc5dEZLMFBEVkFPOTYtdm5GTDlNbktOSw?oc=5&hl=en-US&gl=US&ceid=US:en,Encyclopedia Britannica
2025-12-31 02:01:59,OPPO Watch S - Ultra-slim Smartwatch for Workout & Health Tracking | OPPO Global - OPPO,OPPO Watch S - Ultra-slim Smartwatch for Workout & Health Tracking | OPPO Global  OPPO,https://news.google.com/rss/articles/CBMiV0FVX3lxTE5yaFg0aERiMDByNlh1c1FBZHJTUTNEalB4SzB4VDZYdHJoS0p5TTdQYnlPZWN6TC1BWTE3bTlSMHAwYVFSN3pnMENXa3dLMzRuOGJuMkNPRQ?oc=5&hl=en-US&gl=US&ceid=US:en,OPPO
2026-01-10 14:05:22,Issuance of Summons u/s 70 CGST Act Cannot be Considered as Initiation of Proceedings: Delhi HC [Read Order] - Taxscan,Issuance of Summons u/s 70 CGST Act Cannot be Considered as Initiation of Proceedings: Delhi HC [Read Order]  Taxscan,https://news.google.com/rss/articles/CBMi0gFBVV95cUxPUXVIdl96TXFjeVVYRmU3MmF4bFhIdkI3bjVWM2dtNjBYNHJVYVd4c0hZLWxvMVo0eXdRTjI3eVpvcXFUcmN2bDVHc1lEZ2hlRTNKTVZWeE9yU3RuZzlMdHIxWklZdHZJQVYyYWV2aGJwSHhwRlV3ajhkQjNheDQ3YkJONEpsMEI1Tm9qQlowZ0dGSV9YQ1dHUHNYRGFseWFkX1lDUjQwTWYwZHVEbEU2MjM5YU1FYkN1bnFXLUdubDdzMkRQSWJNcG8wNVhmeFVEX1E?oc=5&hl=en-US&gl=US&ceid=US:en,Taxscan
2026-01-10 14:10:00,"BJP, JD(S) welcome special session in Karnataka Assembly on VB-G RAM G - Vartha Bharati","BJP, JD(S) welcome special session in Karnataka Assembly on VB-G RAM G  Vartha Bharati",https://news.google.com/rss/articles/CBMiqgFBVV95cUxQMkV3Umx3a1pTSTV2bDJpWWZpc1MxcjBjRW9NQTlQSkdLMzBZQk5nUElXM1VSLWZWNzNiM1JQZ1djOHFDRlJBRmQ2UFdKV3BFc3hfeVlzbkNhal9JakpnUUJRaHd5ZmZ4MndpdDJMRkZpZmxvSmRNMnNHOEFSX1JDcWdjaHZabmFpSjhaUDBMZ2ZFUXNCNVdGRU9MNXBaenFiNzBXQnhzTGw3UQ?oc=5&hl=en-US&gl=US&ceid=US:en,Vartha Bharati
2026-01-10 18:28:16,Russia to Send Fourth S-400 Squadron to India by Late May 2026 - defence.newsd.in,Russia to Send Fourth S-400 Squadron to India by Late May 2026  defence.newsd.in,https://news.google.com/rss/articles/CBMiqgFBVV95cUxNTTdsOHBWVVJXWTRWS0syLVE5ZndfU0tkVHZHX3ZreF9ia0J0S2syOFBQalpuTkI3VWkwVmtmV2o5MVdFYVV0WWl6UlJkSmxob0VrcFlmb3dOcTJsUVo2ejNwSnNGSnc4Si1xcjUtOFRDWFQzWGhJNnd0bWxkVGtOSWVUdlNyMmlNOWNWdTRfRUx6OUpDX2M3S3Q0VEtncHZITmEwNm9Uc2pMUQ?oc=5&hl=en-US&gl=US&ceid=US:en,defence.newsd.in
2026-01-10 07:30:25,S. 448 Companies Act Can’t Be Read In Isolation; Must Be Read Along With S. 447 Companies Act: Supreme... - Verdictum,S. 448 Companies Act Can’t Be Read In Isolation; Must Be Read Along With S. 447 Companies Act: Supreme...  Verdictum,https://news.google.com/rss/articles/CBMiywFBVV95cUxQbk03UFVfQmRVNGNhOHFiYXkzSDRpQ19iVy1Ja0pRSTQzWUVjblZ1VmxfRDZmWTJEb3R4UXhqUmlWRHNGNlpzanhxZmlMQTgybG9LckdWRHdPS2V6eXp1SmtocWl0RzNiWlZlMzZxT1g0TXZKZ3BxU2Q5eVF2NHI0b2diaTNYYTFoalpEODJrYV9MamxzU1RYN0g5RFJzRDltcmpnc1o3MngxWUFScVZuaFJ5cjhxSnJVcjFGY25BV1JvZkZmbXhZbGc1NNIB0AFBVV95cUxNUHJXMy04TXIzMTRnSHJfNEJIOWZ1M3ROdnFJeXJCc2NWSXdNeTZVUEhtZXN3dThTX3p6ZzFSX3NMenE0R0w3WVVDSUs2NF9BdnBfdWFuRHNleGhPLWh2bVduenQtWG8tT21GMnRiUGs0NzRxc3NKZ2RwUGFDTlBwNGRwRWRtU1VnRUdGLWxKajVjVkJDejhlaktGNUhYSm1GMDlIV2FVMS1aTHNyM3F3ODB5ajI4NTd6TGRSbi1kMEhqWXBxQ3gtSGVjMFBtZzZ6?oc=5&hl=en-US&gl=US&ceid=US:en,Verdictum
2026-01-09 07:31:03,"EAM Dr S Jaishankar meets French President Emmanuel Macron, reaffirms India France strategic partnership - News On AIR","EAM Dr S Jaishankar meets French President Emmanuel Macron, reaffirms India France strategic partnership  News On AIR",https://news.google.com/rss/articles/CBMizgFBVV95cUxPMU00WDdSTllBcUdRNVY2NThmUTdGZTYzd3lnVVFjaDlvSDZ2R3dSQWFyS2VJUDRaUWk0cXRVenZrc2J2cDVUYmRYblFBVl95bjJPbHl1eFFkMVZMcmRCVC03WE5wT3RxQUVvUVJ1b3ZUTlprMHNrMXVmTU5XVTA3cE5zXy0tUC1nNFVkZndWM20yZHRueTY3cjFkVkptVW5IUjZDNEdkT1BjQWdkdm9TdGswZEVlNFczd2lBS19CNks5Wkk0czk2UVpPQkp4Zw?oc=5&hl=en-US&gl=US&ceid=US:en,News On AIR
2026-01-10 09:03:10,"Former CPM MLA S Rajendran to join BJP, meets Rajeev Chandrasekhar - Mathrubhumi English","Former CPM MLA S Rajendran to join BJP, meets Rajeev Chandrasekhar  Mathrubhumi English",https://news.google.com/rss/articles/CBMiwgFBVV95cUxOSGxGbVJYUGt3RkhPZlk0bFM4RDdVVUxzN1RYN0RWOGYzQ0RfQ3NkZkd4MENmQ25HTm1tZ0hSeFVkY2ZrTVVBS01YdEtLUlJzZTQ2ZFFCNFVlMERpb1U1QmVEZE1LaUo5dkNrRk1TYUczM3hLbEVzbHhSNnBMc0l4X1hleXJGSkFSTElDWmZrcDExeGxlN0tRVXVfTHR3S1BZZkxRT0VMU2pKUE1CdGxoUHEtam5wVzd2RWdpa2J0MWRUQdIBxwFBVV95cUxORThoUzRraUF6OGN1VnEzS1I0SzFWQ2FSS1lIU3NqVnlOOTdZWm5vRmEybmxGUGM0R3VmSUxwSy14TXdHUi1uX0VIVUVQWjNLQ3UwdXpoeVg5T1JCT01Sek5VMlZXMExpazR0UEJlNGJwLUVBLW9SQWhPNjJNdXp6TkdXVGhDWmNFcHl0eFJyNkRSY1FvX3lhcDU5NGRzSHlfQkVRUVkwUnAyRUdCT1NhNkpNWktpUXpDV2FXS3FYRjhmVEd2cXVB?oc=5&hl=en-US&gl=US&ceid=US:en,Mathrubhumi English
2026-01-09 12:47:43,Ex-Parte Order after 10 Notices Not Final: ITAT Remands ₹64.12 Lakh S. 69C Disallowance [Read Order] - Taxscan,Ex-Parte Order after 10 Notices Not Final: ITAT Remands ₹64.12 Lakh S. 69C Disallowance [Read Order]  Taxscan,https://news.google.com/rss/articles/CBMixAFBVV95cUxOOEVNN0RpMXZOV0tJcjlQMV9nTUlscUFEa3ZkeVRsOUhDQXJGa3R2RkFyQU9lNU9vNUZvWFRkb2RPd2dIc2F5bU1VLWVGSFdLTnpKUVI3UW90Unl5MlhHMEUyT0hwRUVrRzJ1NjdBcnQ4NHp4WlhNNE9VSTVEYzcxTWU2ZnUwOXRyb0dmMjNIQUNXZTV5ZkNjajZYVlNnSGlxR2VYMlFranY4MmlqV0dTMGNoQWFxc196NjhVVUp4UVRoN0xv?oc=5&hl=en-US&gl=US&ceid=US:en,Taxscan
2026-01-10 10:01:47,"Private v/s Public Banks, Which Bank offers Top Fixed Deposit Interest Rates, Here to Know and Compare - PSU Connect","Private v/s Public Banks, Which Bank offers Top Fixed Deposit Interest Rates, Here to Know and Compare  PSU Connect",https://news.google.com/rss/articles/CBMijgFBVV95cUxPejZobkFOVkQzd2h0aGdBRmVKRGhwNV8wX2VrY3R2WVNLVlp2cm1nb2x3d0VoWW1iazl1d1BJVkpCS2JqdHY4MDRWQTI1R25HcVlTdTIxaWtCX2I0RDVxRDFjSU5QUWV0d24zd0dMNGM0bkVMOF9xRHlFUFd1a1drUzFGdDFmVWtBM1ZsY1Rn?oc=5&hl=en-US&gl=US&ceid=US:en,PSU Connect
2026-01-09 06:21:08,EAM Dr S Jaishankar underlines global shifts during Ambassadors Conference in Paris - News On AIR,EAM Dr S Jaishankar underlines global shifts during Ambassadors Conference in Paris  News On AIR,https://news.google.com/rss/articles/CBMiswFBVV95cUxNOVplSHhkWW1DUGxzUTEyZmFaWjF2LXNqZlljSEpqV3ZhVFlaTXVhLWhob3ZwUUZtUnQ5MjF0MG45cllHMzJaQ2FjemNTVDcxcGpheG14WWNDcUliR05FU2xyeExESEpuVnVWTDBfWERxT243T0lndTd0RnpvenVYZDdIZDFudWlzbzZfM1VPRWpaN0ZSWWxQZno4MUdhRnJsMXdHUXdXVzJyTzhfbjM4S3BNSQ?oc=5&hl=en-US&gl=US&ceid=US:en,News On AIR
2026-01-10 06:40:36,Prosecution Must Prove Publication Of Material To Establish Offence U/S 67 Information Technology Act:... - Verdictum,Prosecution Must Prove Publication Of Material To Establish Offence U/S 67 Information Technology Act:...  Verdictum,https://news.google.com/rss/articles/CBMi9AFBVV95cUxQOUhHYzFCQTUyb3hwcTE3cHJiOEpMODB1ZS1ROFhxelhTZTd3dWw5LUotUDVFdFl3U0VGNmFqOUcwbGNxRk42WDFxTEdva1AzU1E3MVhEVWpkWkQyVDBremlIOF92aVk2UVotYUVVV2NQTVF1enV5WmZTLW1SU2g4Q09aWVRocFViSEVLU0YwWnhBaHV0YzB2bC1mZEhYWEJuS0sxMkFvanZmUnR1dnFUZUxMRDE5VnZXMFJrSS1CUVdmMzlHWklhcHFNRWV1YkZFRDhBNWVwc1lncFAtYzFKVlU4OUNuZS0wcExHemJhQnFQMjdn0gH6AUFVX3lxTE1meTNDVGktOWRXMWVyb2NhUWFQNXU1cnBPVTJ3a2oyLW9BTGhxeGJfSFBCVVcydWhuekgzeWU3Z2ZBdHRBbG9pTXFBekFnaTExYjFuZFRBOUZYMU1VaTdCVnpaSHB2Ulh3ZjRKMHZkbWVndU1sc2V2aEpGckI2cDNpSGV3cDI1elBxdHJsMmFJX3QzT1NFc2p2c2xDZThNQk9FazNaYmtaU29DOU9IWDdRc2dfc2RuNUhfU3J5bHhvQS1rUHVKZEQ2T3NJVTdiUWxIRTZqTnU4NXFCUWNXckJCNzRTanYzeDJjVXNYQmR5SWJid0ZpWnpuT3c?oc=5&hl=en-US&gl=US&ceid=US:en,Verdictum
2026-01-10 06:19:08,General Penalty u/s 125 Cannot Be Imposed When Late Fee is Levied u/s 47: Madras HC [Read Order] - Taxscan,General Penalty u/s 125 Cannot Be Imposed When Late Fee is Levied u/s 47: Madras HC [Read Order]  Taxscan,https://news.google.com/rss/articles/CBMiwAFBVV95cUxNZVFOdnViOFVOOXphT1I3VkJkYVpfRW1NU2N6Vko5OXllZ1RPWnlwOGZQelJoQ09oUmJqeFVNckJIaGdpLW0yYnZPek9TeDlJRHpiWXV5a1F2aXdneFpfeXlzVXJnOXVjZGVYcFMtOHdkMkRiQ2xLdDBmbXJrbVMtOVRaT1ZnbG81OHctQjNiXzhXMTNtSEFvMnpoNVh4T2Nma3NCeE5tbHB6ZEdTQXVEUVdBTkdjdUdHNVFYUkdyQ0E?oc=5&hl=en-US&gl=US&ceid=US:en,Taxscan
2026-01-10 07:20:09,"Former CPM heavyweight S Rajendran to join BJP at Munnar, holds talks with Rajeev Chandrasekhar - Kerala Kaumudi","Former CPM heavyweight S Rajendran to join BJP at Munnar, holds talks with Rajeev Chandrasekhar  Kerala Kaumudi",https://news.google.com/rss/articles/CBMi7gFBVV95cUxNb0pLbkFVMmhEVFFGUmxObjJIX3dFTkkteTdkM1BJN3hadVBnQ0Z5bGtPcXRRUVVzWHgyVGlud3c2Q25RUDN5bXJSbU9GUzVUaUw1X3FDUzFCaDhlMEF0cFdSSlFTYlNhWEhDTExLeUZhVXNyOW0zY2J3RGpDUWt0aW1SanZaSXdLdC16SGZJWlVpdmsxQ2dnSDB0eEpRLWtIWkxWQ19xRXdaNk80cGE4Y3pCVFFDZXh5empNZFhaSE1EckhwYmtoajVHRGYzWFJRejVDVE5zT3lhMmR6M1Naa2xFY2NfTnVlWG8ydXlR0gHzAUFVX3lxTFBseU9yOXdrX292eDVKU3E1czh3TW1qSkY2UG1DQzFnSWtGWWIwNWx3U1NkN2g0b3ZaOUYyUWdvM2plTGVHd1ZsLWlKRVFhUFF2WUxEcUl3Ym5wdktEdXJNMnZvT0tWMlZlcEVtcjRSZmtwRDJaOXZTVzB2YTVBNEdkMGNTQUNYZ0ZSVGtsemVTR3Z6V2EyS1N2dW5RVXh6UkxsZlhsSnZfQl9mU0xSMU14RzhvM1dsOFBIX3VwUVlfbUVuWVdPNmktd0E3dUZ5aDF2MmtOSVR3MUxMeE5jbVJxdy1MWm1UVm5HZ0Jpc0N3NEFwTQ?oc=5&hl=en-US&gl=US&ceid=US:en,Kerala Kaumudi
2026-01-09 23:59:00,FIR against eight for seeking s 1cr dowry in Noida - Times of India,FIR against eight for seeking s 1cr dowry in Noida  Times of India,https://news.google.com/rss/articles/CBMiwAFBVV95cUxNeklHWTc5Ykh3N3lqaTlzclM1XzNnc3RxcFg5SkEzcHdxd0lhZXRzdzNDWFY3WUg1aGg3eUItMFZPX0VjTWd4UXhDa0thUDJ2MWRISXh2M19zWTJuTUxENk81SEQxb3Q3LVUtLUtEQW5uOVZZTmlxTE1DSG1iYTdmWWduSG1QY0hTMXI5Q0hxMmllR0R6ZU1wZTlmcl9lUnJyY1BBTVh6QmV2azlxb05XX0tiZmJTbGFkNUxhZU9hazbSAcYBQVVfeXFMUG12S0RBSVNpdk5TTmhHVDNxY19qRzVxbEJhblZDcXItZ3NneG10MkV5R0pFNVNFaHhTVlNtTTkwU2IxU1NDM1hvaUozY0lHQ0szaGNsWko5amI1VmhOMEhQQi1wSU5od2Z1cGMxVTNxMGFrV0wzS1FWdVZ1WEozSEpOTTNUakI1cVVGMXZGWjhoZ1ZhR0JsMGJ3LVNnYldxRDFxdkFDWkQyN24wTmtuWGVKSmtPY0FlMnNnazJBN3NCbDJCcktn?oc=5&hl=en-US&gl=US&ceid=US:en,Times of India
2026-01-10 12:28:28,Wafik S. El-Deiry: Targeting ITGB6 to Stimulate Potent Anti-tumor Immunity - Oncodaily,Wafik S. El-Deiry: Targeting ITGB6 to Stimulate Potent Anti-tumor Immunity  Oncodaily,https://news.google.com/rss/articles/CBMiYkFVX3lxTFBlUzc4T2VMamQtdExHOUhmLTNxRC1WeGVnMmpFY3RGMG1EWmxJbmg0QW9ZMDJRNzhXTHZsYWJoZ3F3UmhzVlQyak5yRU44RDZSQ3E3Wnh4VnVwU2FkaW1yVzh3?oc=5&hl=en-US&gl=US&ceid=US:en,Oncodaily
2026-01-09 07:42:31,S.319 CrPC | Can Summon Additional Accused Only On 'Evidence' Recorded In Trial; Case Diary Material Is... - Live Law,S.319 CrPC | Can Summon Additional Accused Only On 'Evidence' Recorded In Trial; Case Diary Material Is...  Live Law,https://news.google.com/rss/articles/CBMi9gFBVV95cUxQM1k2bTFhcndYbExQc0VWM1NYeHdkRTBUOVVYbWs3UzNvRU9PcGlvLTIyTENkcVJYSHZPWE1STFhNY0dwVzhhbndTMi1ycXpacE42QkVmbWRFYnVwdmVPazBraENBVlVYQ195V3cwRXFVYXF2UGJGY3RMZGpxVkhiNUEyX3Z2ZWg0SkRIcTZ2Mk1aUkdlQmNVdF9jcEM3V1RUcE95SUpWUjJ3MTNpR3ctNnc5QXNHNTJ2ZmJJQklVdGVNTlJmMVkzazVqbms3dFJpV3NtQ0ZZd1NqVWtnR1hIOWFyc21IUTcta1dZc25WR2ZDd29iTlHSAfsBQVVfeXFMT25aS3Rmazd6TGNEdFVwaUpEYndnUzJOcXhobF9nTkVlaHFPdXBReE91MHN6eURNa1RyMy1VR0pRTGQwc2FsT1NERGhOOWNydDJQcHZLY0pqUUdJNVo2Q1NVN0RXTjkxem90Qms3NTh2U2JEeDh4eVdFZE5JT1QweUc5NkE2REQ5RUhhU3o1U2JxQnZUaW1xX2lybDdIV3dfRUljMU9qOFQzUWRYQW8xRVVjOUR2TjhWNVR6MTlCbXMtRFk1TTExcjBrQzBlbFEtaXN2dlJTSU9WOFVmMzdSNUNsbGVEbXBTcmVhbGpaRUIycy16bldtYzNZckU?oc=5&hl=en-US&gl=US&ceid=US:en,Live Law
2026-01-09 04:07:55,General Insurance Council appoints Dr. S. Prakash as CEO - Health Insurance Ecosystem and Strategic Partnerships - Cafemutual,General Insurance Council appoints Dr. S. Prakash as CEO - Health Insurance Ecosystem and Strategic Partnerships  Cafemutual,https://news.google.com/rss/articles/CBMi5wFBVV95cUxPTkJ0OWZIakFXaERYM3NwMFRzenhtRWd2ZGE0Mm5HQ1pGUDhQeVhMdGRyNnFuV1RFSFBfZGY4MHZvYXdYRF9NdTAxZ1dnWXdGOFRnYU9oWFJoaWNVUVlEZVgxX093Y1Y5Sm9BWXpscGV0ZHZKMVpyTHR5bk5lam00ajRUZzRnRTlJM3NqWTh1eDNFaDlrV1FWX2p3cDNpOG1obGZhUWtMd0djWjN6UkhGaDZXN01YMGNXS2xwOE1wWHN3ejBUR3lLbEtWYk91cVdwV3h2STlBeWxqdkNCMDY0RHBvRVc3WmM?oc=5&hl=en-US&gl=US&ceid=US:en,Cafemutual
2026-01-10 06:40:32,"""No connection to the party's activities"": JD(U)'s Rajeev Ranjan denies KC Tyagi's Bharat Ratna demand for Nitish Kumar - The News Mill","""No connection to the party's activities"": JD(U)'s Rajeev Ranjan denies KC Tyagi's Bharat Ratna demand for Nitish Kumar  The News Mill",https://news.google.com/rss/articles/CBMi3AFBVV95cUxQbkxjak9veFdRbFkzdTdxSm1DMU1pTWV2d2lCTjdoZ0puTUdwakhmclhJUS1DVW9sQVgxWVIxbzhrYTI0Umg4M0xsYjUxa0xnaTZNOUZGV1cxa0RTdXF2Y1Y0eDRjelhPem1pMXlKR282OU04UDJab1ZUbmVrQm42aDctQS1jR0NHcmt6Tk1xbFNXVExjWnpIOF94NHRCcGVYYjVyU1BHR21vM1o5MlFNT1JnQjU3aDMwWlRSVXlYSDk2aHg4bFJmc1dKZG5DX1F6ZFZhSXpzT2ViUE1o?oc=5&hl=en-US&gl=US&ceid=US:en,The News Mill
2026-01-07 14:35:06,Urban Land (Ceiling and Regulation) Act | Service Of Notice under S. 10(5) On Person In Actual Possession ... - Live Law,Urban Land (Ceiling and Regulation) Act | Service Of Notice under S. 10(5) On Person In Actual Possession ...  Live Law,https://news.google.com/rss/articles/CBMi_gFBVV95cUxNc0t3VFE1ZlZLd0RCTFlZNmdFOEJDMkFTNE5CWGRiVGQxMXhMVU9ldEdPLXF6WmVsUzY4dDdhWEhGdDZmOExsTFRCTEI1TTdfYUdwanY2R0xCSXpSUHplSkRNem0wb0tMbGQxVktSRWVxd3hWVTJHVTJxVEhyUXBlYmFDQ0tLOTFtSGFLQl9HZl9Lb0g1dzZTSGFCQy1xWnR6RUY1SVBNMFE1SlQ3SzdVajlyd3RXMHpudklVbHl0UDBPdXBaWk4yRURNLS1NcmdFQi1uX1dzbE4tTFFIQk5kbkdka2x2U2hXdVFZYWtkWGZxWnRUMndFLVNRYkY3Z9IBgwJBVV95cUxPT2pRTUJXT29kRzM0TFljclowQjdKSllQTHZHdDl3S2F2YjNBb2xnQTV4VTlLejJDSUxUUGxBdk13WS1aOWRVc2xQMGMySXFrS1d2ZVo4Z2VtMkFGMFhCYzNjdWJja0dYOGlHY2dHcUpNd2RIWm9UNnVsYWRHWWZTcHA4ZmVCY1ZfaXduOERHVWlYNzAxZXFBMHJlazU1M1Y5RmFodmNSQjBpZkNBOWxQSVBuUGVmRjg4eHJGaC1tRERiTUNLMFI1S0FzQl85dmlyajBzaWpOSnE3TFl1OTVEVXhlcVhPXzl1R1lUUURQZ1pzMTNwd0dERTZ2aVh6cFc5RlRZ?oc=5&hl=en-US&gl=US&ceid=US:en,Live Law
2026-01-10 04:19:34,"Ramadoss praises Stalin, signals intent to join hands with DMK - The New Indian Express","Ramadoss praises Stalin, signals intent to join hands with DMK  The New Indian Express",https://news.google.com/rss/articles/CBMiwgFBVV95cUxQU3p4U0ptTFFDcU54dm82YzRfNmg5d3h3ZjBfeWJBOWZJU3lqQXk3dllIYm1jTmg5TS12ZGVkclhDSGlhRWNLc0lCZ2JZMkR0OU5fZjFUdERMUG83bXcyS3dtMVpnXzZLb0Z3SmtMajNxNi1HV1daV1pKNjYxMVYwZzJfX1BZQUNjWmQ2RmFOQmtaUEFTMC1JRmZ3ZGd6MGo3SmdwdUtRQnVCQUxKWnlmMjZKOW9aVVRsTzNnNkg2NDM1QdIBzwFBVV95cUxOVGpBVWpHWlhYbURWZExWZ3Vpd2k1NkNpM2ltenl4UE9CWmRjeXljZ01wRG5EV19aTE9XcWxKZWJ5anFoZ2xVRFEtR0ZLNm5iSGNXdWt5WGV1ZW1ybXhMVjB1UE92SWhpWkliUnNOTmtpSzJFakZpaWlxUEJudllaTUNfRlJfMG9rckgtM1dxSzVDRlptSDVKLTk1UHdVdjlEWFJtVlotaUZLNWhFT2tkcGNjR04xYnhYNFdkSWJyVHRBczVkei1oSVF2bHF3RWs?oc=5&hl=en-US&gl=US&ceid=US:en,The New Indian Express
2026-01-09 12:13:51,"Glad to welcome my colleague, Czech Deputy PM and Foreign Minister @Petr_Macinka, to Kyiv. 🇺🇦🇨🇿 Grateful for his visit of bravery and solidarity right after a massive Russian missile and drone attack against our country. Key highlights of our talks: • Peace - x.com","Glad to welcome my colleague, Czech Deputy PM and Foreign Minister @Petr_Macinka, to Kyiv. 🇺🇦🇨🇿 Grateful for his visit of bravery and solidarity right after a massive Russian missile and drone attack against our country. Key highlights of our talks: • Peace  x.com",https://news.google.com/rss/articles/CBMiZEFVX3lxTE5zeE9FVk5MdGlvR3FGWXNweEtzUko4ZE9RZHhmNXBOcEt3Z205RHFXNG9CckoxN1VoaXZqNzlQeE1MMncwT2dKX1BkSmJJSFd2ak9NRmpERFFGUW0wemJjVGpUTHM?oc=5&hl=en-US&gl=US&ceid=US:en,x.com
2026-01-09 18:30:00,What was Marvin Harrison Jr.’s net worth in 2025? - Times of India,What was Marvin Harrison Jr.’s net worth in 2025?  Times of India,https://news.google.com/rss/articles/CBMiwwFBVV95cUxOLVlaOGNwSW5pUUpEb3V1ZGJNR2F0UVJ1SXgxVXYxeVZsRXJ1SS03MUhCUjdnT3VOTGlnSHJEOGZVWTBwU1pqaTRHZXlkRjFRMDJQNTV3aFhTTldJNEZSX2NMeFNOSjY3emV3U3dnUWNvOHlDQS15eUQ2cjd4OG8zelA5a1UzSkhpaGNNSE1taE1KM3RtOUZHY1hhY3ljYTV1Tjc3YnlDT2t2T21MeHhfeTNXY0tQSmk5ZUt5NkRxZEM4TFnSAcgBQVVfeXFMTkpBbFJiUVBCZGZQWnNrLWRmbmJjSTJEdWV4Z2hydVhVVXhyVE1HY0x5ek0zRmZyZFNSTDlvSEVoeDFvQzBqczZpeW0wcnMyY2ZmZ0luMTdFZTU0b1RnNFBCajR3cWlrTExURnV6eXVsMHV1YU93bng3U1A0R3FvdHZYM3ZPdFlZbFZMcWRZUklOMFFHVWpiT3l6QVMxWWtnNnhnMk9fYnpHeERUOFF2NGE0WXlqRjlveGhQc1lZM09JVkhSN0lia1A?oc=5&hl=en-US&gl=US&ceid=US:en,Times of India
2026-01-10 05:30:37,"Forced Unnatural Sex By Husband Is Cruelty U/S 498A IPC, But Not Rape Due To Marital Exception: MP High... - Live Law","Forced Unnatural Sex By Husband Is Cruelty U/S 498A IPC, But Not Rape Due To Marital Exception: MP High...  Live Law",https://news.google.com/rss/articles/CBMi8wFBVV95cUxNRHFKSDgzeWVMOW5GRHVYc3E2LUJNMk9iVFJ3RU9DSjhEaGZqaU94cHJMRGVVTWs0X1FQTXdXTVNtX3BkWUtVMjd1UU9iVzZSWFRDWnVuZ0RrZnFreXFESXA4dE9KWFo4MW5iX2w0cERvaGVnUWxqanVsckhNN1ItY1JQeVhsT2JJdGN6dHZ1VVNIZ1JxUlFGOW1JdWhHX2hjNFpOOW5KRGY1SGVLWlZxSUx3TWJxU0tJNWZXWTNpY09Yd2RfbnVyR04zNU9VakZRY0NsOG9Xd0hxNXFWMnRrZmF1SmRHQjMzRjV1WS1xU0tPZknSAfgBQVVfeXFMT0VBNW1fQ3dSLS1VLXkzbVVHbFNqRHZFbTZBSTZfbWRVQkExV2ZDWkZCZ2ZISlNRMWY2WmhhM29TbHdNOWptNjZHT1JwOE1RUTE4U0VVa3Q1Q1B4bG0tRzBMRjhtamgwV2FfZGYwMElIV2o3TW1iZ2xTaEYxaE1la0pHdUxBVzEwVUNDdnNTTE0ybmVzeFJNZ21lOVB3a0QxY0dVUWJwdHBiZ3EzX1d5S2RfNVVnLXBZYXNhNWtzT2dtSnFEaUwzaDY4UktIVThhLThuMExpcDl4TldjRjhTTkJ5cWpvUHg3OExPQ3ZTdEVJVjlob28zY24?oc=5&hl=en-US&gl=US&ceid=US:en,Live Law
2026-01-10 04:33:24,"AI Edge special: India AI Impact Summit Is about outcomes, not investment pledges, says MeitY Secretary S... - Moneycontrol","AI Edge special: India AI Impact Summit Is about outcomes, not investment pledges, says MeitY Secretary S...  Moneycontrol",https://news.google.com/rss/articles/CBMilAJBVV95cUxOYnZpM0hFazllVzVXTXVCeFpuY05BN1VYV0FCRGEtenJsVUwzRWxZS0tSaUZYN0tUclhMdTg4RmQ3d2w5LVA0LTllTmRCdlhQbGxvVXlReUJnMHRWdzNPUDJjdUN5cUNJLTU3bFNNUjhzOUM2ZDlwZS1LUTNoR2R3NERjREFMdUlQTnZ3aERYcTB5Nko1VHVjTkxtbWFOb3lVbnBYcUQ0QXFxbG85VzBHUHdnX1NpeUNkWUoxS3dIN3hkOXAtNjJvTjhmWk9Ed3JEUmhEckVqMkpTNzEyRWluU1BmRS1Rdm5aZU1WanpOa2pxQXAtLUtjUklTcU41dTE0WDdDMl81Q1NHc0w0RVI3eTJMWGfSAZoCQVVfeXFMTkVoeGVrQWx1R2kyZEN3dDBoR1NCeWlZM3FqOV9JYU56VmtVV1lmcWFPM1FJQW9wWkw2MkwySEh0WWVweThPdHdocEM2QlYzUFRQLTk1X2Z1YXl2cXFmWG5nUWVKazcwYUV1dHp2V3puY09zRUxNZ0pGSzBfOTh2TXhPQkFqUW1hQXRHTUpxUG8xWkVyZllhazlRR3ZqaVhINGlwcWc1b0RKWFZUOERuZE5HMi1nY2hYMTlnbUxqc0FWalQtQmd5V09vUTVraXVsRUxQSFBucExnbHhfckJyMXpwS2w2Wi1VYUZPbTJ6aHhtX1YySnN5MlV3UnBna2ZQYS0tN3BQb1RrZHFwSU5KUHZUUUZwRDMxSl9n?oc=5&hl=en-US&gl=US&ceid=US:en,Moneycontrol
2026-01-10 04:19:14,Arms consignment dropped by drone seized near IB in J-K’s Samba - The Indian Express,Arms consignment dropped by drone seized near IB in J-K’s Samba  The Indian Express,https://news.google.com/rss/articles/CBMisgFBVV95cUxNXzgyRzYwazY3NjhNT3N1UGVPQ0QxelpCSFRPemhmSER5Q3prTTR5ZktUdkFkOEFmUzdSVVFuM0NuazhKRzFwTm0zN29CWnZPRl80V3dySFJ6aG50N3BCNi14enB5YVFEQ0EtendyVVVITUVtNy1WTnp5YU5qdEEzaE9YNHo5TFNlcWJGY3ZHVHNhYV94T0VhcHk2dENJdDVBblJKa21UVFlERWlQNEZhOGpR0gG4AUFVX3lxTFBtZm9SNExXd0JyVHRaUk83emt6YVNvZkEtclJhcEVxd0ttRlAzNjlnQ19LelV1bHJsTFJrZTdwcnpuRGRIRHBMMm9lcnJWcFl2M0N3dEhDSzdRU0lLU3huLWl6d2hFTUNOUkUza1doVk5aemFWNW9ROTR0ZVJ2SVdKWlRlSi14QXU3VTg1dXc1RFRhNVVGRUxRTHZVbWxXeGFxSFRkLTl4TWUyR3NKYnZoQllsbldYeWg?oc=5&hl=en-US&gl=US&ceid=US:en,The Indian Express
2026-01-09 18:21:48,"Lawrence S. Lerner, advocate for evolution education and NCSE Friend of Darwin, dies at 91 - National Center for Science Education (NCSE)","Lawrence S. Lerner, advocate for evolution education and NCSE Friend of Darwin, dies at 91  National Center for Science Education (NCSE)",https://news.google.com/rss/articles/CBMimgFBVV95cUxPOEZ6V3kyMTNRd1lBVEkyc1ZvY01lSmhxWVNwRkJfdHBwZXQxMHJWbUdLNjFBNXd3RnhfRXVhTXZDeHN2TXFwVDMtaXhYN055b3dqREdOQ1YwUTdRT09nTjhnd05GN2w2cnBCV1JVNmVHN21NbnRJWm82SkpRMFZPMmQxQ1Z3WjFoSXNxVGZxWW5NZWFDamd5SVZn?oc=5&hl=en-US&gl=US&ceid=US:en,National Center for Science Education (NCSE)
2026-01-10 08:46:00,‘We work for everyone’: Nitin Gadkari rejects claims BJP is anti-Muslim - Mid-day,‘We work for everyone’: Nitin Gadkari rejects claims BJP is anti-Muslim  Mid-day,https://news.google.com/rss/articles/CBMizAFBVV95cUxORHBkUEU4WUUxV0ltUWM4aWZpeS1XRVZsM2xOd0tsdG1fblJfVHgwTEVFRHFwMFRlU3FOODN0d2tQajRmeDhzemEtY29zYnZnUUJNM2JfajZvUTNOYXEyVk42QTNlOXVzX0NFeTJIRmo1VjdEWTBEMkZuS3ROejlaSThBRG9oX1pTYlptS3NseTRLRTE4YjhhU25sZ2N4RTVUamxvTlFnczM0R0VCWldIakd1NW1EZDVNQVlsR1hBdzM4ZHpGSHRFYkMxaDDSAcwBQVVfeXFMTkRwZFBFOFlFMVdJbVFjOGlmaXktV0VWbDNsTndLbHRtX25SX1R4MExFRURxcDBUZVNxTjgzdHdrUGo0Zng4c3phLWNvc2J2Z1FCTTNiX2o2b1EzTmFxMlZONkEzZTl1c19DRXkySEZqNVY3RFkwRDJGbkt0Tno5Wkk4QURvaF9aU2JabUtzbHk0S0UxOGI4YVNubGdjeEU1VGpsb05RZ3MzNEdFQlpXSGpHdTVtRGQ1TUFZbEdYQXczOGR6Rkh0RWJDMWgw?oc=5&hl=en-US&gl=US&ceid=US:en,Mid-day
2026-01-09 01:25:00,Tamil Nadu minister S Muthusamy brushes aside Tasmac scam allegations by oppositon - Times of India,Tamil Nadu minister S Muthusamy brushes aside Tasmac scam allegations by oppositon  Times of India,https://news.google.com/rss/articles/CBMi8gFBVV95cUxOY18zVlZDX1Y0b09QQ3pYUF82YVgyVVp5Q1dyeXg0Uk1NMFdqclo0M2hWVTlUZl9mU3dpb3R5QmVndzNzcjFkVkl3OUFlbXBXX09kVktOOG9EUEt5WEN4RGF5dk1IdDc0Q0hFSm9IX2szVzNJaXNVc1dWVEtzUVdrcEdsRnhGUTR1aGEzSUw0RHJVa1ZrMnp2T3J2YWlpVkZaRHV0YzhFWW9ia3VuRldKR0pUeUZ3ckxvWVB2RC1EUDV2MS1zNVA2U3Q0b0ZheTJuYWs4NUFYRUM1NGgzeTFHMmRaYmdtYXlrcTUxbXJzOFROUdIB9wFBVV95cUxNZE5Xd1Z3Y0ZGTUx5U0JpWnl6VkpfZVRSV3BjRDRFcDl2UDNibUpMSndCTmg4T1FwODQySVAzaUo1WGVNR3RURHJ1UFZ3bUxIN1dXUDJQYWE4ZHpyS1dpM1AxcEJmcHhCdklvZTJ1eGphUGo5ckNpZTZsQmp0VGNxTWptcHhGMm9TUEhIQ0hKUnBJSng2OVBpVWM4UjFPMGhNMzc2bmdZanZrRFc3dHF0OHZrRWZheU8weExqY1FDdHFlYXVFQ1pfeHFVMkFMblFQRWQ0ZGpiQ0NqaW5weHVYRVNuMEJzSzR6eVNqNjZrRldHVWQ4NmFJ?oc=5&hl=en-US&gl=US&ceid=US:en,Times of India
2026-01-10 07:55:18,I am weirder than s**t: Lionel Messi | 'My wife Antonella can tell many more things' | Inshorts - Inshorts,I am weirder than s**t: Lionel Messi | 'My wife Antonella can tell many more things' | Inshorts  Inshorts,https://news.google.com/rss/articles/CBMihgFBVV95cUxNTXVMdGo2V2MzYUh4ZnMzWEE0dkFfMDVMQkNtRVQ0VkI5bmJyRHoxaTJnOVRGSUJYX3kyek5RMm55MXNPdDZvM1E4UkEyT2FIZlBYTVpXN3hta2dmdGdLaGhnWEdDSi1nYVJ2NWlIelVkSzNXT3RUeFJETnduX2NrcFpmMy1kZ9IBiwFBVV95cUxPYUQ5U1RfUXotcU9pcVU0dlZzRzNLbUZDTF9IWm9EeGVId2dXSWU0UUlTeE5OS1JNeE5vSEJzLVVrOUlyWkFWTE03ZnpIMmJIbzZzbVBXQW5JekN1M2h1TWh4X0kybVZuSXNYbWtQeGdKdEN1UGppTTZJaUVhZzkxc21FTnhuVk1ubGQ0?oc=5&hl=en-US&gl=US&ceid=US:en,Inshorts
2026-01-10 12:09:58,What Repsol (BME:REP)'s Push for US-Approved Venezuelan Exports Means For Shareholders - Yahoo Finance,What Repsol (BME:REP)'s Push for US-Approved Venezuelan Exports Means For Shareholders  Yahoo Finance,https://news.google.com/rss/articles/CBMid0FVX3lxTFBnUF9NZ2RxVWxvRlhyLVNpMWtRbmZMVkZFdVpfbFhVc2NCbC1kU0RDN1gxMkNDMmI1SzBsWmNYZ2o1OTZ6aGREb3UxaEh2VG1EMHlBSkxxVTh3NGJZSXRMNVNubk1DMEI4RkgzUExIbUhWSjhIcGpR?oc=5&hl=en-US&gl=US&ceid=US:en,Yahoo Finance
2026-01-09 07:16:13,Sagebrook International School Shines as Premier Sponsor of Hyderabads Festival of Play - TheWire.in,Sagebrook International School Shines as Premier Sponsor of Hyderabads Festival of Play  TheWire.in,https://news.google.com/rss/articles/CBMixAFBVV95cUxPZ0FQNVBuZnBKX2NMUG1ZT1BhX2t2SXloVnI2ZkRtRFJYUGFIaXkyY05DYnJvbWxhbWhfMFJSYlRPSkxtMF9BRlgyS1Y1SHMxWnAzZTV1SGtPLUtHU3BOZ1lHLWtVRHRRaUlhOS1mTk1yeEpYVUV6QVpGRm8zTU0wZlpnTFJtNFUxNFNWTzAydTZVQ09WMi1OM1RITmFmcTUwcWlFREpWMzM0d2VZTlIzTWVwWHdkaDA5YXhlWVZUSmlGVWZC0gHKAUFVX3lxTE5zNHhtRkFmTUM1OW5PYm9XTFA2R0NHS3NqWHZJMGRlc0hYWEhrdlpGY2Z4VC1lM1N5NHlHb0k4UTZrdC1XOWJEdmlzOENGLXhVNnVJcFY1d2w2cWxCZmcxWGdnTGR1Q09LWVQxd2lGQnNoNXFUdGphY2RLallCZGpLS0ZicWJQUmJ4bFQ1Slc5VEtVSUs3Y3VBQk9aeW9PYVJ0NS1nYlp1V1dHRUpYVDVWR0lEaTZvSEFrTEpnLTZWWVliYml3VVFISmc?oc=5&hl=en-US&gl=US&ceid=US:en,TheWire.in
2026-01-09 21:33:32,Yujiro S. Hata Recognized Among The 100 Most Influential CEOs in Oncology in 2025 - Oncodaily,Yujiro S. Hata Recognized Among The 100 Most Influential CEOs in Oncology in 2025  Oncodaily,https://news.google.com/rss/articles/CBMiYkFVX3lxTE0tQmFkVF9nN1FFLUdzLVhQYnViT0NTcFBzOWtaTFI4YWp5bWhfejNjZzhUMUxxMFhac1Z2LTd3VXpWRkdkeGlHZmcySk5PWkk0b2VmUXloRVJRVS1VdF8waVRn?oc=5&hl=en-US&gl=US&ceid=US:en,Oncodaily
2026-01-10 01:30:00,Why Chandrababu Naidu No Longer Hesitates About Ram Mandir... Or Hindutva - Swarajyamag,Why Chandrababu Naidu No Longer Hesitates About Ram Mandir... Or Hindutva  Swarajyamag,https://news.google.com/rss/articles/CBMipgFBVV95cUxPQ0FrWmRTckVrRGtSak8xakFDZXk1WVh3d0JXeEdid0NnWmN4M3BfYUNBcFV0MUExN0U4TXRERHptanA5SHM2WTRtVnNRVTNxcjR4VUh3X1ozUjR5b3lCWTloWGVpQTFtcHl4U1gxNDR4UGFybTNWWDM2dDl1YklXZE5Vc3pMcjdPRFI0MmF2V0s0bG9SWEVmWGp6bjU5TUVOMl9GWll30gG2AUFVX3lxTE5BM05TUE9IYUZ0d21LdVlfOEdzN2tIVU83TXpHNTNzOFhMTWE3WGlaQmxUSHdraTJTUTBLTHpqeHZOMG0tRDU1OTkzX3J0dE9lVk1hdjVXZWlaaWNaVVZjM292QjJPSldWak5YQVVRRDVkZHo1bnlrekNYTHEyNjRPM2w5MU1ub3JVMlVQUHVZOXRuZkZCVTVIZXFITnFqQjhydW0tLTZzV3g5a0ZzUGtRNWplTVVn?oc=5&hl=en-US&gl=US&ceid=US:en,Swarajyamag
2026-01-09 17:41:01,India''s Policies & Growth: Shaktikanta Das Remarks - Rediff MoneyWiz,India''s Policies & Growth: Shaktikanta Das Remarks  Rediff MoneyWiz,https://news.google.com/rss/articles/CBMioAFBVV95cUxPQjVxOGNWMVoyWmRMaEgzVWNRNzh0T0N6Ukt6QkQydmEtMzZkVGpWQ3QwM2hQSWEtVGY3cGJySnM3UlVBMlJzZVRGZ3JiYm5DNGxBWnN0TmhvTFVNYVZyZXNqenBFNGtvaFZrVHZINzVZVVNLVkRmckowWi1WOVlwaUhNOW1taEtYbmd6ay03SEdvNElTd0FmaEtaZk9JdFpG0gGmAUFVX3lxTFBUSDEwZ2I4VWI0RGV6OFplRXoxbk84ODdhWGItcUVreTBVbzBwNEZHZ21SbUVyRW5OOWUzbFgxNDU5LWhXZXBySFhsSGl5Xy02bHJMYWNBLUVZdVZHdnNtdlhqa01KZ045ZzQxWktNdVlXM0tEaFgzdUVRcVJsVFVYSHZvSFJMaF9TS21sM1lzUkNuMVR5T1Y0QnJJVXo4QUpJSWNvenc?oc=5&hl=en-US&gl=US&ceid=US:en,Rediff MoneyWiz
2026-01-09 11:51:40,PDS Limited Dissolves Step-Down Subsidiary S. Oliver Fashion India Private Limited - scanx.trade,PDS Limited Dissolves Step-Down Subsidiary S. Oliver Fashion India Private Limited  scanx.trade,https://news.google.com/rss/articles/CBMi2AFBVV95cUxNOU1WUXdqMzdoMVc5X1hzX0hKUmRlWWRMME5wakRoanZpWmY5dEpIVFJ3QmZBUUNlbkNvN2F5NnN6OXNvRTZDTUh1Rk9XbkpUVUt6bFlvQW5mOElEOFpyVXF1akREUTcyckUwZkNFcjJMQ2RLRmZBWTFDZ0JHOEVyR2pMLTc5WDk2WklMTFNhb0lDN0FSQ3ZnYUUwZncyamVVeHJ6RkNNZENINWlkUDZNa3BDUkVUNk5uZ1R5YlBTeER4RUJTb1o3SGFqRG5WTzVoOElFV3R4WkQ?oc=5&hl=en-US&gl=US&ceid=US:en,scanx.trade
2026-01-08 03:00:00,Traders Bet on the U.S.’s Next Airstrike Target - WSJ - The Wall Street Journal,Traders Bet on the U.S.’s Next Airstrike Target - WSJ  The Wall Street Journal,https://news.google.com/rss/articles/CBMimAFBVV95cUxQUjFzQXVuU0JHQjdsYWp5SENVQzJBZmlLLVpyX2lhdHRZVTd4N0JWU1B6Q3NWOHEtRjdVbk92WkpKTEtNM21uNTJJQXJYTTQ0ZDNSb01uR0o2cDZOZWdyd1pDY2JRdW5GT083eF9Dd1BBX3dGVGhVVF81bnk0eXh3UU5iWHYtRG5KeTBPUTN4bUd1SEJoWGZhNw?oc=5&hl=en-US&gl=US&ceid=US:en,The Wall Street Journal
2026-01-10 10:01:49,"In Sayre Gomez’s Art, L.A.’s Problems Move From Real to Hyper-Real - The New York Times","In Sayre Gomez’s Art, L.A.’s Problems Move From Real to Hyper-Real  The New York Times",https://news.google.com/rss/articles/CBMilAFBVV95cUxNVE93amVPcWl6LW41bTlLR3RhNVY1d0lscWRONFVlVUdaZzVrVHU1YkxJMElRaXV5Y1ZydUpTdE1vN2FmeWVZRFNLakRHSW10ZkZCVm1VQVlGQnktVDZ0WnpnNUU1RkwzSEtuT29MU1k1Y0Y4OE5WaXBvMExXSmV2Z1dPenFDWG05MExtYzNPb3JOT09N?oc=5&hl=en-US&gl=US&ceid=US:en,The New York Times
2026-01-09 06:42:24,Bodies of two Army porters recovered after overnight search in J-K's Gulmarg - Daily Excelsior,Bodies of two Army porters recovered after overnight search in J-K's Gulmarg  Daily Excelsior,https://news.google.com/rss/articles/CBMiqwFBVV95cUxNNHpMTHo4bW1qdXB5b3lSTHh2aUpqZG5aR0tzNHkyYVBSWFdTb0FtWW53SzduZm8tVWRoS21qSEdzeExNV3VPQnNwT2RtbnpmeWo4SGl2emhEWWFRNE9MZTRjVjlZMmJUREhZY1RQRmZMb1hTZVkxTW1fc2huUVFMZi1JQUVCdExMbmN2Ml9PQTN3dnc5UkpGSkRMLVg1Yl9TZWFuVExOZzRWX28?oc=5&hl=en-US&gl=US&ceid=US:en,Daily Excelsior
2026-01-09 11:08:05,India''s 7.4% Growth: Reforms & Modi Leadership - Rediff MoneyWiz,India''s 7.4% Growth: Reforms & Modi Leadership  Rediff MoneyWiz,https://news.google.com/rss/articles/CBMimgFBVV95cUxPaHJ5U2d4UWQtQmNhRlFoODVwWXJsdGFuZkJ2Ui05QTFMWnNCenlEUkpOeVN1dEpHSngzTklxQkhSaDh2T1dtYzF3ajV1SW9VV2R3T3BMaWhvclVnQVFtTl9mZ0pkekNuUVAwTGJqZGlLN1ZCS1Q3LVVEeHRQNUppMU16Wno3VzhmZHZIaldqWE1MMVo5ZUUxdHFR0gGfAUFVX3lxTFB5NG5OU1BYUmhjakVaYXA1aU1XSk1XdjRINGhXQlFmSlZVYUdIVXZpZEZDb2xNRU1HOGxzM3p3VWxvOUl4dzdZcVpNTGJwMjRzNGtLT19jN3VSRWZHdVBmT2FscVlCS3J3U3lGYnJOWTZYMjdsVEJ1UmVfamZhdWlFdm5RcWZwZVlPdkROWFhYZjU5LXhlYWZrU1RwQ216TQ?oc=5&hl=en-US&gl=US&ceid=US:en,Rediff MoneyWiz
2026-01-09 19:07:13,S Dinajpur: ‘Tribal couple forced to sell land to pay electricity bill’ - MillenniumPost,S Dinajpur: ‘Tribal couple forced to sell land to pay electricity bill’  MillenniumPost,https://news.google.com/rss/articles/CBMisgFBVV95cUxPZnVkTDRMVDR2NTBtLWw5SmhIZ2VoZHFfWXdLelA1cWxMMDJacnV2Tzl4RTNoTFpmVk1vbXJSb1ZWZ3NYb0RpUHJmTEtxQm9oWkEyQnpJLVE1QklVVFQxMWEyWHU3b1BIV0hHYzJTcXBJVUZTeWxYNi1HeFlreVhxSEd3cFBKUEZqOGVHclhJU0lUWXZQMndxUUl5cWR6UVdIQ2pJcHRZQkRqMUtOUVhETDd30gG3AUFVX3lxTE1WWjJPcGhnaEJvei1veGJ6X0JmZnlGUFJ6TnFodzByY25GdklyV3FLSGlEcmtlS0x3Ni0yM3ZfaXVueFpPQ25MYmFxRldlUWQ4S3EzYkozdklWSVFELUE2TmF6NnpuUmUycldydGpwcHRpaG1BWTZENXlRMndBcUcxaDZOZWRTY2RFMFJjNDlTTlNBTThDd3RmeTV3cWdmWkw5Nk5MRG1YZHBna2k2TE5vTTFPWndDUQ?oc=5&hl=en-US&gl=US&ceid=US:en,MillenniumPost
2026-01-09 19:30:03,"Chinese, Russian, Iranian warships arrive in S. Africa for naval drills as tensions run high - Nagaland Post","Chinese, Russian, Iranian warships arrive in S. Africa for naval drills as tensions run high  Nagaland Post",https://news.google.com/rss/articles/CBMitgFBVV95cUxQcFVyN2tRcVNaRjJkQ3dhWFpBV2VGNGhCd2lqVjZRZ0JvTVdTV05ObVNqenl2ZU5PREZlbThLbzNOTFF5Q0FNcFBuX053VDBQanBzQWExczBvT1pHcGY5ZlFaTGdRX0FPc00yOXRXU3NldnB2R3NTQ29zcXRRUnNpNldkRGxvcWJmX0xiRno1eUNReTlRSmxicV82OEZrWGVDM0RzQThuek5uR01jS21ZTHJ0dGxHdw?oc=5&hl=en-US&gl=US&ceid=US:en,Nagaland Post
2026-01-08 11:50:01,CLB Doesn’t Have Power U/S 5 Limitation Act To Condone Delay In Filing Appeal U/S 58(3) Companies Act:... - Verdictum,CLB Doesn’t Have Power U/S 5 Limitation Act To Condone Delay In Filing Appeal U/S 58(3) Companies Act:...  Verdictum,https://news.google.com/rss/articles/CBMi2gFBVV95cUxPLVVLd2I0ZEpvOXZkWkhzdjBTbXJ6RUd4UEVUR2hOM01CMzZ6OFduMlVYbEgxOVExSDRfNm5QX0Fhb3hqNWk1OEQzV2RlUlp2ZUhNbXFVeWJYcVBOWjNmSUVrS1RGRFREbDJPaGdkRHdUd3VQcU1wTVVqVVcwNllvM3pTMFo3Y0p4ZzRoQlF1RlkzQmpXcHgyeUktaTIzVVlVaXVod2gweEFWWDlkTXpidlhEeUgwdUVidXF6QW1iVTE4YUprbkdnQWN1N053bXBWMjFJVUlsY2ZvUdIB3wFBVV95cUxOQUYwazMwWGZyTFI1Y29oRnh6TG1qYlBwNUpySC03RlV2VG1fMXRoNV9LOGdhU1l2LUNzV3MzaW9nV251REVWLWx5anhUN21qYVVDaE1VX3hrVVRqZlNOSktjRC1BZU9vUm1HbHRDR045b2hfdVk5NUs5VnFManRzUzBobzRoZ3RfTWFnd0U2RDRhOXhWRl9Qd21CeWVyRUFUajlPUEhPMlRtVkY4VWpMM2Z2VXM3R0Y1OFo1ZWJrd0d2aE1EWk9ObG9lQWs3M2pma29vQldIWlNhYXVJNE9B?oc=5&hl=en-US&gl=US&ceid=US:en,Verdictum
2026-01-09 20:09:13,What's happening at Leander High School? Reports of heavy police presence at S Bagdad Rd spark bomb threat fears | Hindustan Times - Hindustan Times,What's happening at Leander High School? Reports of heavy police presence at S Bagdad Rd spark bomb threat fears | Hindustan Times  Hindustan Times,https://news.google.com/rss/articles/CBMilgJBVV95cUxQVjNOdnRNakkzVlZsbWhLdGJiN1hXcjJiNVZWeXdMa0g3dkYtNjdJMFdVS3gyUW45ZTEzQ3ZwYUUyXzlXSEZRTWF1TzBvOHhOb1h4OGIwNXpiSTlhVnRjUUwwcUpNcEQwazE5T1RXcjhYd2I0bFMyQjA2d1dXNEdmRW5fMUFsdG9OOExzTEZPc3lsZkpIOUtINnhXeW5LQm5WdHlvUWpLRXh0bFhkZEtHU0xJcHY3a244cmFFeU1uZ3d4VklscGo5TXQwRlVUSnRQTTVmZ29VSG1jdDltWWRhNl9CdVpXVDcyZjVzRVlzTzJRTjhsRXd2WUYtcGMzQnN6ZDNGWlVTV21GajNvOHREdk1ZSEVNUdIBmwJBVV95cUxNdXYtT2E4YS1NWXYtMkR2VG9PajNJR1FEWWVia1ZJZTFNbzhET3pTaGlzaEZBazYwQ2pVQkdIVXVtc3hGbkRJbDJKdU9BX19WVVRNVnRKQkcxSGFDcl9VZTRDOEdidjl1VmZvcTRnYlBVaUhib3hKaWFQWER3bFZ0VUE3a2FCSW9mc05Ra1l0ZzFEcWFrcDNrLXVmMDF0bV9iWDA5U21Eelc5QTR6LXpTUkdlQmdBamVmWkpKNk5wb0hHZUNNWXNDeW1CRkhUVW1iV2E4bUUxN2hVMXAzbF93cmFleUprZVBiTWVQc25qc1l2LWZGNGpRZm5hQUhvNVhlZm5VM2h6bGNocDVsQVJzZEZYWHBTNFlFWHdv?oc=5&hl=en-US&gl=US&ceid=US:en,Hindustan Times
2026-01-10 00:00:00,Will RFK Jr.'s new food pyramid impact grocery stores? - CNN,Will RFK Jr.'s new food pyramid impact grocery stores?  CNN,https://news.google.com/rss/articles/CBMiigFBVV95cUxOaW9aWm1kOUhvZjc0blk4UlRIbG5Oc2VNVTN6YnpGNmhmVlhaVGVqYnRkTHZhWlhoWG44SzMyWjBuaFVSQXRTMy1QOWotY3VYbE4tTmdpNUllVHZJeUMzNmJ1QmtlcTFuZC1LdkpRWG8tX3QzVHUzTEgyM1R0Smhhckw4akIzVlFwRHc?oc=5&hl=en-US&gl=US&ceid=US:en,CNN
2025-10-08 07:00:00,MEA | About us | External Affairs Minister| Dr. Subrahmanyam Jaishankar - Ministry of External Affairs,MEA | About us | External Affairs Minister| Dr. Subrahmanyam Jaishankar  Ministry of External Affairs,https://news.google.com/rss/articles/CBMiREFVX3lxTFBFeXQ0Tk93WVJiZVkwaDlveVI1V2hhdWZzWVdITnN0NnNJWjdkenVCZWZpQm56RWR5VEltUG9kMUM0cEZH?oc=5&hl=en-US&gl=US&ceid=US:en,Ministry of External Affairs
2026-01-08 05:00:22,Departure(s) — Julian Barnes’s ‘last book’ is a triumphant meditation on memory and endings - Financial Times,Departure(s) — Julian Barnes’s ‘last book’ is a triumphant meditation on memory and endings  Financial Times,https://news.google.com/rss/articles/CBMicEFVX3lxTFBHQzRBZGI3VzVlQ1RiZ1hoU3BidVZXS2VaYkZlQ1dFYkREX1dOclp3czVzcXo1SEpnXzJxQnNkY0VVRlRQdWxZYkNsb1VwRHBGMXJxLVNKRy1tblJzX20tdDE4UFVOU2ZuQ2xVZlg4QlI?oc=5&hl=en-US&gl=US&ceid=US:en,Financial Times
2026-01-10 12:58:40,"Individual investors account for 54% of Constellation Software Inc.'s (TSE:CSU) ownership, while institutions account for 39% - Yahoo Finance","Individual investors account for 54% of Constellation Software Inc.'s (TSE:CSU) ownership, while institutions account for 39%  Yahoo Finance",https://news.google.com/rss/articles/CBMilgFBVV95cUxQWUs5bTMyeDczemkzN0kzR0JHdGp3VVgzRTJJVWpOWVJPSDZPTVQ0Y29pODJ0YnpnVnJKYnlKZmI1OGhsYmRnRVNOdXVDVmpzMVNoQTVYd0xFU1RfcWZPTW5GZ011Q2c0LWdteXh1NDBBQXd4V0ZJNkV3Y2E5b1RDb3JBZlVERXdodmhOVUNHRkRCN1ZER1E?oc=5&hl=en-US&gl=US&ceid=US:en,Yahoo Finance
2026-01-09 12:23:44,General Penalty u/s 125 cannot be imposed for late filing of GST Return: HC - Studycafe,General Penalty u/s 125 cannot be imposed for late filing of GST Return: HC  Studycafe,https://news.google.com/rss/articles/CBMiqwFBVV95cUxQT0ZEUWtjb0R4NUVCTWpZcUFfRG1ITGE5UXhQdkxyLUpWTE1lWGtfc3B2QVB2WURIcEQ3Yzk2amM4SnUyYzdHVjlYRDZTaUpEZVNSd1dFUloxTUlJUVM2MTVRVVdpWDNvbkpxcjB2bjZuQ3R0N3lFaWZxeEFkcGRXNUMyWFFicW42ODYxa2NNbkdnZFZETXE0VDRoMjZ6OG9leFpFMWx0M2phcVU?oc=5&hl=en-US&gl=US&ceid=US:en,Studycafe
2026-01-09 13:32:00,S.Korea's Lee to meet with Japan’s Takaichi as China-Japan tensions rise - KED Global,S.Korea's Lee to meet with Japan’s Takaichi as China-Japan tensions rise  KED Global,https://news.google.com/rss/articles/CBMid0FVX3lxTE0wbmpoRU41UnEwYUtKbmZkSElFMXc1WTBmaTVDc25yakpqQmhZOHh0bmFwejRPamVmOFRjSzlhX2RvaDR4cl81RVBnMy00RlpualJCb0t4dXh3MlB6cF93ZzNTWU4xNWVoNkp2TGFjWGU5MmIzVDM0?oc=5&hl=en-US&gl=US&ceid=US:en,KED Global
2026-01-09 16:32:35,Bestow Bharat Ratna on Bihar CM Nitish Kumar JD U 's KC Tyagi urges PM Modi - theweek.in,Bestow Bharat Ratna on Bihar CM Nitish Kumar JD U 's KC Tyagi urges PM Modi  theweek.in,https://news.google.com/rss/articles/CBMi0AFBVV95cUxPWHp6NUpNZ3dPalFTd010UWF6dFJIQVVfZEVsOTJ2b2ZndTgzdGdfZVU5Mk9xVENJMHBFMVBXMEFiX1ZIc3A3SkdDaWFqTXB6T1RIX1ZnaW5OalUzcXktOFVpY0FZS0R3SjNyQWRtVFhlcXFHY2EwdVhIbUExYTdYMzFoQTlieXRhd09LRkluWHhkbW5fbmdBa2FrS2xkSThGYUxJeVdxcGh6aFRtWEgzYzBiTGRYRHpfS3R3d2ZXUGhCZDZDUE1VWmdDVDYzNldR0gHWAUFVX3lxTE9Cb09YMzM5VWZvSS0xNWZCNXlrWUUwWmRFQVZzR3VEdkFFUVNpbUd4X01iUjZEeHRfNkJsSDJJT3p6SlU3VWRYS1ZvVjZNeEZtNUV5YmlCVm53QmN4a2dJZUw0TkNmMFphY0ZXRXZza1hFWlBrU1ZkYTAxX0Y0NktCSGc5bXNGaEFhSlp6VHZXZFhIRHUxTGR2MnNxMUlOaUVQN2s2WnVwb0FsY1laVzhtQ3ZLcEFTRjA3OE1idV9TYWtIa1E4YzU3YVREZkpPUU9TUnlBcHc?oc=5&hl=en-US&gl=US&ceid=US:en,theweek.in
2026-01-09 21:27:45,"Experts weigh in on RFK Jr.'s new dietary guidelines: 'I don't think it should be so hard to know what's healthy,' epidemiologist says - CNBC","Experts weigh in on RFK Jr.'s new dietary guidelines: 'I don't think it should be so hard to know what's healthy,' epidemiologist says  CNBC",https://news.google.com/rss/articles/CBMikAFBVV95cUxQUlhUak9SWFN5d2xiYUV0cTdZdnpjYXFSUkdnbV9rZ3E3RTRKQ0FIVTlqZ0ZkTUdZV05rQVVnRXNPdWdwN21wTlNEemJ3SmNxby01WFBQaEtoV0lhRjBuLTRXZzBlNmZMR0tkUEJmWmZTdHNTRVVmeF9fbk5fSm40cUMxdlhZaGFRUUR6cFpLcW7SAZYBQVVfeXFMT21EQkxjV3VkY2kzb1JnZFRXRS1MbGhKMVlNbklINHNCMnBMMVFMTkpvcTl2czZKTHJ5M3ZvWktwMl9DWmVyOVBwRFQwYkp6WGJFWXo3M1BISmJXVzcwRUVGZG1kRjFYeFYyenozV2FFS2RvVXNIRnNEc2p4RFlYS1dsRE55RGQ2UDZsUUE5OE9RY3JHVFZ3?oc=5&hl=en-US&gl=US&ceid=US:en,CNBC
2026-01-09 07:09:00,S.Korea to run FX market round the clock to ease foreign stock trading; positive for MSCI upgrade - KED Global,S.Korea to run FX market round the clock to ease foreign stock trading; positive for MSCI upgrade  KED Global,https://news.google.com/rss/articles/CBMidkFVX3lxTE1PbDM1YXFYbDJzcVJ3eXFZZ1lPbTFjem1KVl92UlJPN0ZVY1VIRnJpYWZvYVk2REFpU21LbEw1NWcxNjI4dzAweng3bXJXNUxBY1BBWHQtVkRMQ09QenFDMG9peldhUWlZTmw0OWt5TUZLYTNsS2c?oc=5&hl=en-US&gl=US&ceid=US:en,KED Global
2026-01-09 17:46:14,Nadine de Klerk”s stunning all-round show helps RCB beat MI by 3 wickets in WPL opener - ThePrint,Nadine de Klerk”s stunning all-round show helps RCB beat MI by 3 wickets in WPL opener  ThePrint,https://news.google.com/rss/articles/CBMivAFBVV95cUxONHdoT2ZCRTNmeFZEUmY2N0ZlVEw1bm9HSEhaWnRXcWhkU2w5X18wOExNWDM5UVZuaVplVFNzbkpyUzJ6ZUE4R21lYVozb0lWS1Zac0F4RGREOVdNN3hicGJwNGNId2p6TEtRSGY2RzU2bFNTdVY1YTFCNUNQQXJ3Q1NvbUpJZmoxVGJOX0ZFR280SzBobVlZQkh3RVVWaTVOQVFPOFZxZnl4eEQ4Vm1WaHlZeHJmbXAxTHV2NtIBwgFBVV95cUxQZ2xFWXBieUc5MnlHSm1aTVYxUGlQYURrYzVLaXlyaU5XRklHOHQza2lQNkVUS19lVmtSUzMxOTh2WXZrb2hMeXhCakJqTFA1WVdWOHhvTUV4aG1rZW1TOHpMU2FGLV91OV83cDFSU3JpNjZGemdaNWVLeFY4cERHdjZubFlldlBxM09iX1dNREVrSTBsQ1EyWTlNOGdNbWs0dWZpcXpvSlJWREVfNmNheFo1SjVkZ1gyLVQ0aENMSWtjUQ?oc=5&hl=en-US&gl=US&ceid=US:en,ThePrint
2026-01-09 14:32:41,Couple murdered in TN''s Dindigul revenge suspected - theweek.in,Couple murdered in TN''s Dindigul revenge suspected  theweek.in,https://news.google.com/rss/articles/CBMirwFBVV95cUxPdk1LS2RBUnBCMWVOdVJHSTVZSWo5TFZRUThmV1BYREFFQnJDUl9valh0c3hlZlZ6MFJQbUpNVWtKdm5CWExjZy1SZEQ2RldPeE04UkxlbFFiSnBZSHdJWFF4Y0JjcG1yZ0NnaURKVXM2eURIZ0g2QUNEUzFSeWtnVS1MSkZubkJ2OVRRUk1sNldjZmtmZkR3NTVGcHVORWI3T3VhV3dVOUw1R09kY3JN0gG0AUFVX3lxTFBMZ3NlZGs0eFAzN3FabXJ2TGotR0lzQk85a29DLTM4UlVQWktWUkJ1V0Q1U2cxb1M3S0hyRllNT0p2RVVmWEVULXh0cy1jcUE4VG1KUmFvZ21jQUE2VG1IaWprdHo4YjZsUVg2WTJkR1EwRkFqRnE1eTgwUEY0enVYMDl4QndUX2hBbGpoZzdic2JDWkxWcTE5QUVSemZMdW85bEhubXVSUXNmOTI2SGZoOExQMA?oc=5&hl=en-US&gl=US&ceid=US:en,theweek.in
2026-01-10 13:18:34,"Aurelion Inc.'s (NASDAQ:AURE) largest shareholders are private companies with 42% ownership, individual investors own 39% - Yahoo Finance Singapore","Aurelion Inc.'s (NASDAQ:AURE) largest shareholders are private companies with 42% ownership, individual investors own 39%  Yahoo Finance Singapore",https://news.google.com/rss/articles/CBMiiAFBVV95cUxQSUhkWjN5V2Q3RW5wbkgxWjJOVmFNTDdGYWMtU2xjU3ZLMngxNnlkMDM2eUVhcHVCdnhCUGZEdWlvQzF3aFh3RVRWeHcxalVDWWFVZ1k4R2lIZVFIM1I4Z2p1cTBfcDV0VW1OUmRxTnRGS3prNldtMTVrM0FXSFRJZXFMUTRPbXlH?oc=5&hl=en-US&gl=US&ceid=US:en,Yahoo Finance Singapore
2026-01-10 20:21:15,Grimsby Town 3-2 Weston-super-Mare: Mariners score late FA Cup winner - BBC,Grimsby Town 3-2 Weston-super-Mare: Mariners score late FA Cup winner  BBC,https://news.google.com/rss/articles/CBMiYkFVX3lxTFA2MkIzSWdWSnZqS29IUGRqdmVnU1AwemJxYWY4bU92TTJZUW8wSDNyVGFjVHVYd3RYbHZVYUVlbW9TaXlUZjlsc3pFUlZuNlFLYjhlTmwyN0wtcTREQmRmdkh3?oc=5&hl=en-US&gl=US&ceid=US:en,BBC
2026-01-09 10:06:13,“Can all men be jailed too?” Divya’ s remark triggers debate - afternoonnews.in,“Can all men be jailed too?” Divya’ s remark triggers debate  afternoonnews.in,https://news.google.com/rss/articles/CBMilAFBVV95cUxNYUw0d3d6YXpteVk3S1dteldaeUFjd1hELWRaZENQX1EwclZTSWhYUkhQOWtaTjB2VXJicU9BYTQzLTlONVM0dmp4YUtJaldxOFliQW9SNnZyYVIyYkZMbFg3aGhia1BrTE9faW9fckg2bTBxX09YY1o3bDhzTU43MFFXalFyZzlpbFFtWU9mNGs2QWlN?oc=5&hl=en-US&gl=US&ceid=US:en,afternoonnews.in
2026-01-09 09:15:54,"Russia’s overnight strike on Kyiv damaged the premises of a foreign diplomatic mission, the embassy of the State of Qatar to Ukraine. Russian strike is a grave violation of the Vienna Convention and a reminder that Russian brutality knows no limits. We stand r - x.com","Russia’s overnight strike on Kyiv damaged the premises of a foreign diplomatic mission, the embassy of the State of Qatar to Ukraine. Russian strike is a grave violation of the Vienna Convention and a reminder that Russian brutality knows no limits. We stand r  x.com",https://news.google.com/rss/articles/CBMiZEFVX3lxTFBBazgzem1IRndYTGU1Y3ZBb0tHLWZHMlo1YzhlRW50SkJXT3paUDlMYlZCRGMwMnJjTnJJV2UtRjhRSWdlUW5rTzEtSUNseWxpajdPTmhzZFdhQ2plcUZESUR6cGU?oc=5&hl=en-US&gl=US&ceid=US:en,x.com
2026-01-09 04:50:17,Security stepped up near Delhi''s Faiz-e-Elahi Mosque in Turkman Gate area after demolition drive - webindia123,Security stepped up near Delhi''s Faiz-e-Elahi Mosque in Turkman Gate area after demolition drive  webindia123,https://news.google.com/rss/articles/CBMiekFVX3lxTE5MRjlPbF9QVXlmRHpCNmF4cmxEUk5LLV9fSU9BcjZPOUFKeW1wRmFSUzUycmQ3ODljMVA5VWg1V1lCaFFWSjlwTEJvYzZTUnRPanpnS0FuYnJ1Q0lSWUplZ1g0N2NfS3N6SElmSzROeU1oeHJjYzRMRC1R?oc=5&hl=en-US&gl=US&ceid=US:en,webindia123
2026-01-10 20:11:02,VIDEO: Fr Oche singing Lord's Prayer in church - Australian Broadcasting Corporation,VIDEO: Fr Oche singing Lord's Prayer in church  Australian Broadcasting Corporation,https://news.google.com/rss/articles/CBMikgFBVV95cUxPY1F3bXFkTUVWQjc0cVM1ZUs5dVp2Wm1yTE91SXVLbFBnd3dELVJZTlBjamEzZHlEeFp6SklQT1BkU2dPV3BsTTdvQ2ZwTm12NndDSXd2cDItTGh2R1Q0MjM3MzR3cFQwRGhsTUNVbE5iZmJpV0RiS094VDlTTjlwMnFTOV8xOWV2UHNHRkFDY0FHUQ?oc=5&hl=en-US&gl=US&ceid=US:en,Australian Broadcasting Corporation
2026-01-09 11:18:53,"India to focus on skilled jobs, employment quality to achieve inclusive growth: EAC-PM chief S Mahendra De - The Economic Times","India to focus on skilled jobs, employment quality to achieve inclusive growth: EAC-PM chief S Mahendra De  The Economic Times",https://news.google.com/rss/articles/CBMiiwJBVV95cUxQSi01UW9GSVJxbEhYVXQxWDdQZmVER2ZJMms1ZkE5QlIyYS1qRHoyNVlDa0F3Wi15WW9QZWNNUWJxejJUTUFyQnl1ZUoyNHpMRl92dVpyR1pXOU8xeTZJNmJyN2h5X3hJaWtaUVBHMnVsalB4dFN1eGhTVHdRb3FUX1lvZmp2a3RUbTBGbS1tZmF4MGRFaUE2cWgxODJ5QWZPdnV4dFZfaEROV2ItLVY3a1d5VHBvczhDTzFyY3RRUUE2U1k2dE1IQ0FHN1VnMU9IZEJEXzNpSXc1NV8zTzQ2c0ZQWG04V1ZFa2NnT0hmZnl4blp3bGQ2aUNvVFdQRDFnVHJUeEZvOVdGdmPSAZACQVVfeXFMUEE5SURMOTE2VkZuZ0RBc2VNakJnS3lqdmNpa0MxbVlVZWlnLXNSN0xqYWd0RV9fR2lqWUh0QnRyQmxQTWtaOGczcTZWZ3RKeU1TbG5PV3dDdkhTa1lqVndiU2cxekx4MWxuN0NlUGttdkpCcm1Vemg4dWRLUHFDajY2RnlMM1VmdEhRQ3FKOVFIZU9PQUdRT0xEZExKNHQyQTJPQ014bEZTWlZhdkNuSVB3amI1cTFYN2FoMVotb09sTEVDUm9tTjNSMGhHVTVPNGZjUEVaVFJGYlg4OGwxazJuM2JVNnVEbWJ6cjVXQWFrZzVEMTF0eWR6VjY4eW4wd25VaXIwU1hTdTlxbEtEeUw?oc=5&hl=en-US&gl=US&ceid=US:en,The Economic Times
2026-01-09 19:46:35,"JPMorgan (JPM)’s Multiple is an Insult to CEO Jamie Dimon, Says Jim Cramer - Yahoo Finance","JPMorgan (JPM)’s Multiple is an Insult to CEO Jamie Dimon, Says Jim Cramer  Yahoo Finance",https://news.google.com/rss/articles/CBMihAFBVV95cUxNaTVKZkdIenhSck91T3hDb0gzbEMyaGpyWkVPNjZTVEZVMkoySlZ3dmJzeWQyeHFPQWVYSXc3MzhqZm4takN4Q0dTdW9OVUFDX0JaR3J4NWs2amdWWEhTalExek1BSTRwNUhqellzUE91OHMyVlEzZnpyOWF6ZkVEUm1vLTM?oc=5&hl=en-US&gl=US&ceid=US:en,Yahoo Finance
2026-01-09 11:30:58,Will you notice any change at the grocery store because of RFK Jr.’s new food guidelines? You already have - CNN,Will you notice any change at the grocery store because of RFK Jr.’s new food guidelines? You already have  CNN,https://news.google.com/rss/articles/CBMidEFVX3lxTE1qcXFTUThHMGN2Ymd2cW5OZ25HaUlncDVDcHhNeEdTY082T0FwY1NiR0tyczctYzlxazMxMnB6VmwxU3c1ZEpGNV9sRmFnY2laZElqT1ljY1ZUSDliR0hnekpwN21DQW5jazZNOHJhZzREVHE5?oc=5&hl=en-US&gl=US&ceid=US:en,CNN
2026-01-09 12:17:55,"iLive Connect Launches Indias First Virtual ICU-like Home Monitoring Platform, Revolutionizing Proactive Healthcare - TheWire.in","iLive Connect Launches Indias First Virtual ICU-like Home Monitoring Platform, Revolutionizing Proactive Healthcare  TheWire.in",https://news.google.com/rss/articles/CBMi7gFBVV95cUxQMTJqU2JxUzRXcDY2TjdBRnVHN0VyU2pTeGNBdjdzWlNhY0xXMWlCSWYtUld4aGx0T295dzBxMThIWEFQTmF6VUZnRURUSmpPbFhSanVIN3kwVzBHaXEyemVMNUxJTDZKa1BZOHA5OWU2N040X0FmZFJzbW1QX1cxWExKa1JxU0FlQVp4aHNoblNTVFd3SV9STVFKbFNKRTlDOERtNzV4SGhJQy1hN2RWQnZkOWVmQlJBVDB5dVUwQkdsYUVUaWRWVkNXWmhlaFhTRDhYNElYRUlwTGsxUjVYSy1tU2szaVJWNzRfNGpn0gHuAUFVX3lxTFAxMmpTYnFTNFdwNjZON0FGdUc3RXJTalN4Y0F2N3NaU2FjTFcxaUJJZi1SV3hobHRPb3l3MHExOEhYQVBOYXpVRmdFRFRKak9sWFJqdUg3eTBXMEdpcTJ6ZUw1TElMNkprUFk4cDk5ZTY3TjRfQWZkUnNtbVBfVzFYTEprUnFTQWVBWnhoc2huU1NUV3dJX1JNUUpsU0pFOUM4RG03NXhIaElDLWE3ZFZCdmQ5ZWZCUkFUMHl1VTBCR2xhRVRpZFZWQ1daaGVoWFNEOFg0SVhFSXBMazFSNVhLLW1TazNpUlY3NF80amc?oc=5&hl=en-US&gl=US&ceid=US:en,TheWire.in
2026-01-10 19:00:00,Parents on RFK Jr.’s advice on sweets: ‘Completely unrealistic’ - Politico,Parents on RFK Jr.’s advice on sweets: ‘Completely unrealistic’  Politico,https://news.google.com/rss/articles/CBMikAFBVV95cUxNdzZhclAzeDJEQnYyUVJJUkFpcEJ6NTNoU3Q5Q3l2N0JnRDliM3lQcEkwNVliX202d01ZOHg5SXNMOEQ3R1NlbGhNeGdfSVU1R3pmRmNoVnl3VVhJZF9pYlRDNXZ1dEk3SGR2SklBcFNFOEFqVVdSOWI0UWJubTlRWEo0OHhMZkl6VkRpQTJOTWE?oc=5&hl=en-US&gl=US&ceid=US:en,Politico
2026-01-09 18:33:03,Redefining Mortgage Lending Compliance: B.C.’s Bill 29 and Canada’s Evolving AML Regime - JD Supra,Redefining Mortgage Lending Compliance: B.C.’s Bill 29 and Canada’s Evolving AML Regime  JD Supra,https://news.google.com/rss/articles/CBMihgFBVV95cUxQMnFQcUFGM0g2amtrQml2TW5NOFJKOVJZa2VVZEo2alBpSG5rNnRPenBFaDJNYk1ZTWxHc2VtWnA3RzFwNldMcTQ5VndXWFFlSU01ekljNVZFQU00MWhNTHRJQW16a2lxU3phTURxTEhXblg1M3lmd05yb0lKWTY2WDBBby10Zw?oc=5&hl=en-US&gl=US&ceid=US:en,JD Supra
2026-01-10 08:06:26,"Orix Buffaloes 's catch for 2026 is ""Passion #Bassion2026""! | Pacific League | Professional baseball - パ・リーグ.com","Orix Buffaloes 's catch for 2026 is ""Passion #Bassion2026""! | Pacific League | Professional baseball  パ・リーグ.com",https://news.google.com/rss/articles/CBMiXkFVX3lxTE1Hc1ZFZUZDTGhBWkdxYzd1MG4xOFJXQjR5S2Y3SlRjSFN5UFpHZGhlLTVMdVFWQUY4dmQybzlWRml3d2pzY25UbEhoRkdPa0pZS1RfM3duMWU4eWFmRVE?oc=5&hl=en-US&gl=US&ceid=US:en,パ・リーグ.com
2026-01-08 11:23:54,The Dangers of RFK Jr.’s Unscientific Vaccine Schedule - Time Magazine,The Dangers of RFK Jr.’s Unscientific Vaccine Schedule  Time Magazine,https://news.google.com/rss/articles/CBMiaEFVX3lxTE1vZ0NmSTJuU2Y5SU02cFh0VjVhRnNxWEdHVTlyZ3J5a2tQTXhNV2RrUXdKd2lKVXMtVDE4WS0tU1NjUGh3LXV2dXVSRXNaOENIWXZweGJ0WVA2eENWcnJlSDgtU2xnMzE2?oc=5&hl=en-US&gl=US&ceid=US:en,Time Magazine
2026-01-10 16:10:30,Gary S. Anderson Obituary - Worcester Telegram,Gary S. Anderson Obituary  Worcester Telegram,https://news.google.com/rss/articles/CBMiW0FVX3lxTE1ZZWJjNWVQdVdLbVVOV3pVYWw3SVVmREl4RFVaZHA4d3JZS2IwNzV5NGg4S3VrVzc5RlJDcXNTTEZFUlZSNkFCbGFxTjNyTDhqd2Z5dklnRVI2QU0?oc=5&hl=en-US&gl=US&ceid=US:en,Worcester Telegram
2026-01-10 19:20:00,Ronald S. Luskin - Channel 3000,Ronald S. Luskin  Channel 3000,https://news.google.com/rss/articles/CBMipwFBVV95cUxOUGNMMWZta2FEOFhWODhra2IwMzBDYlB0d3BzZVBnRzdHY3lLMF84SU5FWWpoMWd1RjZoVnNjUWtxT0xpMUFYaGpRbmRGRHRYTTE2bjktalVyZ1ZwRml0S1dZX25TeFFseEVUeGpiYmdjUDU2SWU3VjFockFseF9jVm45eThkUTZXSWxkUEY1a1hxSUtuVG8zZ3g1QW13NnBUZ1VPYXRXYw?oc=5&hl=en-US&gl=US&ceid=US:en,Channel 3000
2026-01-09 19:48:22,HAQ Witnesses Grand Debut In India On Netflix; Suparn S Varma Direction Wins Hearts Again - Filmibeat,HAQ Witnesses Grand Debut In India On Netflix; Suparn S Varma Direction Wins Hearts Again  Filmibeat,https://news.google.com/rss/articles/CBMi5AFBVV95cUxNcHc5STFhanRFQi0yT0NFWHdFVE1nUTdhMW5Pem1zcEhyT1pUMzQ2cnJjM2JYb2VYZWY2NDhmY01DbkljSEo0SmJmNU5WX1QzUDNheVFkS1dtVk83cHZxT2hYNFV3YnNzWVpIUkpISFZjeWV4Qmdka05jZ1haQWZTTGRrWC1icG1pZTZZT3VCSDlwb054VU81X1ZSY1AyMDZQQ1ljQ1NzSFR6ZS1ocXJHTUg0VG1sd29KMEVIN0lvMWpRVS14d3ZVWVFMNjdBMzdaN3ppQ2FhemVtR2dzd1ZVVHRBV28?oc=5&hl=en-US&gl=US&ceid=US:en,Filmibeat
2025-10-22 07:00:00,S. Paul Kapur - U.S. Department of State (.gov),S. Paul Kapur  U.S. Department of State (.gov),https://news.google.com/rss/articles/CBMiWkFVX3lxTE01MjJRckJwakdkWE4xbkxITXdOZ3pHWkhrUm8tQ0J0Z0p6T0lJNzFpS01PN0JrWHcwdEZya1VXM2JVaUxNckNIS0YxZVBUQzNkUElZSkpmNzJYUQ?oc=5&hl=en-US&gl=US&ceid=US:en,U.S. Department of State (.gov)
2026-01-09 06:11:14,"Four civilians were killed, including a medic, and over two dozen injured in Kyiv after a horrible night of Russian strikes. Residential areas, critical infrastructure, power, heating, and water supply were all under brutal attack by cruise and ballistic missiles and dr - x.com","Four civilians were killed, including a medic, and over two dozen injured in Kyiv after a horrible night of Russian strikes. Residential areas, critical infrastructure, power, heating, and water supply were all under brutal attack by cruise and ballistic missiles and dr  x.com",https://news.google.com/rss/articles/CBMiZEFVX3lxTE9NRm1PaTh5amRsRVV4QUs2dE5HQVhhUDlkZDBjRU5xeFJYMl9FS1NKWEFrc1BYSVNCUUJaR0VpTlZ0bWpWSDU1YmZNSDhBM2FSaFNMNmJUVTdyNFZxSUNfeHRlQ0c?oc=5&hl=en-US&gl=US&ceid=US:en,x.com
2026-01-07 12:00:00,Investigations of Foodborne Illness Outbreaks - fda.gov,Investigations of Foodborne Illness Outbreaks  fda.gov,https://news.google.com/rss/articles/CBMimwFBVV95cUxPZk9CZUFHZmRHM3p1V1VfczVQOGxOVU5VSjllbF9tSzFyZDZqVXpfOVdTMnNVZk9VZjRVTDlRN3pvbjZZTER0bG5CY2h0Q0F6SldIMDl0WXNmanBtSGthVjQxMU5NZHNibkNLMXBqRnVsOWk4andKSkdrWUM4eUYzaFVzdGI5OFFXRGE5NWJTTFJja2cxaEJaN3doZw?oc=5&hl=en-US&gl=US&ceid=US:en,fda.gov
2026-01-10 18:16:58,FBI’s Inquiry Into Minneapolis ICE Shooting Faces Doubts After White House’s Remarks - The New York Times,FBI’s Inquiry Into Minneapolis ICE Shooting Faces Doubts After White House’s Remarks  The New York Times,https://news.google.com/rss/articles/CBMilgFBVV95cUxOdjBOZm5JMEtOaXZoa2xCSkVsY0o3SWg2YWxBbTRwSGdBOWN1MXM3Z1hpVDZvV0JHOWdHYkdMTnNOVlJpeWdqMVB4WFg0cWtza0FvN3VzRUFPN3JQQ0JDbWE5c1huVjdtUXFFM0pncGNTTjktS1VoUGI3V2R2cHBCYUJSeFNUdXFiVl9zS1BGakU5Um9JTFE?oc=5&hl=en-US&gl=US&ceid=US:en,The New York Times
2026-01-08 15:16:00,Old food pyramid vs. RFK Jr.'s new food pyramid. See what's different. - USA Today,Old food pyramid vs. RFK Jr.'s new food pyramid. See what's different.  USA Today,https://news.google.com/rss/articles/CBMitAFBVV95cUxPeGhMNnNROTByNmFQYXhtaGpsaTZNclJjbEZjNWtmUFhKMHdHLXpIa0F0ai16X3FFUllwVHpJODVSclcxR0tUaTdXakRQcUhNZHpvcldDUjBJNlluSXUxU3ZLdXhhT2xGX0NzT0NyODdMSG1sOVBmUmV1YWZZbHhRTkpOZC1VYmFxWnBjakxlVi1ETmU1MGx6WklBamNmdDVPQmwwdzhmemJQMnZCMUVtNmhtcDY?oc=5&hl=en-US&gl=US&ceid=US:en,USA Today
2026-01-08 17:54:06,RFK Jr.'s new food guidelines could boost beaten down fast-casual chains like Chipotle and Sweetgreen - CNBC,RFK Jr.'s new food guidelines could boost beaten down fast-casual chains like Chipotle and Sweetgreen  CNBC,https://news.google.com/rss/articles/CBMihgFBVV95cUxPaV9RTXRaZDNmSjFITGZCZHVybnY5NGg4dGlrWTc1bUFoV0pkdFhHUmhQcHppQjBSbURrV1VfSVEyaE9KcFFHb0ZTWWNJUFVoMFFKUEt4bll3akEwQ1JFbjhPRTktMTVzUi1menJEcVB1TGNJRGk0dUlqRzVfOVdiaHdMNTFNUdIBiwFBVV95cUxNZUd5a2lLY2d2eDhSYzhJTUMySmd5X2pHb2Z2UEZTRFlEeVVPUnRsbWE5d1ducHNob1VrSmw1QkpoNE5iMzFiQ1BoUXdpcU9YNUhOeFZTcmRsdktNbFFwenlrUjVUUzJoamE5VDh0cWI4bUNYclFsQmF3Ukw4M2c5TDF1cWN6XzQyTVRR?oc=5&hl=en-US&gl=US&ceid=US:en,CNBC
2026-01-09 20:24:19,"Visited the site of today’s Russian strike in a Kyiv residential area with Czech Minister @petr_macinka. Russia struck the same spot twice, killing a medic who arrived there to help the injured. Such cynical terror requires an immediate response. We’re working - x.com","Visited the site of today’s Russian strike in a Kyiv residential area with Czech Minister @petr_macinka. Russia struck the same spot twice, killing a medic who arrived there to help the injured. Such cynical terror requires an immediate response. We’re working  x.com",https://news.google.com/rss/articles/CBMiZEFVX3lxTE5ibUFiXzNDdEJNYWRMRWx1eVBTV3Rfbk4wMW5BVEE3RkNtSnpXSDNzc3I0ZE83YWVOWmg0OGpFcm5jbnFkdWg2ZklqUFpGMEhuZFNzeUNaMFV5ZWM2NmNTUUVJcTg?oc=5&hl=en-US&gl=US&ceid=US:en,x.com
2026-01-09 19:48:50,"NVIDIA (NVDA)’s Gonna Have a Great Q1, Says Jim Cramer - Yahoo Finance","NVIDIA (NVDA)’s Gonna Have a Great Q1, Says Jim Cramer  Yahoo Finance",https://news.google.com/rss/articles/CBMifEFVX3lxTE1jWmtOV3JtOHA4VldnT0p4ZnNIZ1VfeTJYOVBLSzZJNDZFWHRlQkdPY0dVd1N4RHJSYTFKbUs1VFVFOTI4MlhfMC1jY1pVY2QzcnVWclVBMmg0TkIydVFRS1dNM3NCU0tXd1ljaDdnWC01YTVYQ010NzE0UFE?oc=5&hl=en-US&gl=US&ceid=US:en,Yahoo Finance
2026-01-08 23:45:42,Ukraine Awards Major Lithium Project to Investors With Links to Trump - The New York Times,Ukraine Awards Major Lithium Project to Investors With Links to Trump  The New York Times,https://news.google.com/rss/articles/CBMiiAFBVV95cUxQVkQxbVR4MENtZFZ2TEF0ZkZuOGZCWjVScDktUW5RNkZYUjJzcWRURWJpWjFmbzZod0VZNnFqc2ZpUkRFT3pLc0RmakdjWGo5eWRKMFk1TFg1bTJpT3NnNUdKVVNzM0dHRHhmVU1nRFMyQi1pZ05FV3JQR2tBUHBnbFY0OGo1Qk5W?oc=5&hl=en-US&gl=US&ceid=US:en,The New York Times
2026-01-09 20:14:10,What Devon Energy (DVN)'s Oil Price Pressure and Venezuelan Supply Questions Mean For Shareholders - Yahoo Finance,What Devon Energy (DVN)'s Oil Price Pressure and Venezuelan Supply Questions Mean For Shareholders  Yahoo Finance,https://news.google.com/rss/articles/CBMifEFVX3lxTE5feTlzRk1NQ3RGSTFnTTl4X0xlNG8zSDhVb0hlcndPcVRVTWljaVdZSWNtQWpJeEpfa0hFQnVWejlEZm1nZzJKc3cxbFVBQTBBU0hZdXZCY1NLQWw3RjJfR2k1V1RSbWpUUmxoRngxN1p1Tk1EeERZUjhUMzA?oc=5&hl=en-US&gl=US&ceid=US:en,Yahoo Finance
2026-01-09 21:56:24,Crystal S. Denlinger Recognized Among The 100 Most Influential CEOs in Oncology in 2025 - Oncodaily,Crystal S. Denlinger Recognized Among The 100 Most Influential CEOs in Oncology in 2025  Oncodaily,https://news.google.com/rss/articles/CBMiakFVX3lxTE9GeGdwb09pLWpqRkpSQVRVb1RWTjJSMk1kblhnenUtR0x2bk44YklRaVNxbE1EbzlnVUUyb0VSa3FNdWVZSFEtRUhQSmpfX1djQm11clRzMWNwNm8teDQtR2RtdmI3MlV2a0E?oc=5&hl=en-US&gl=US&ceid=US:en,Oncodaily
2026-01-09 21:59:46,"RFK Jr.’s Food Pyramid: More Fats, Fewer Grains, No Health Equity - Word In Black","RFK Jr.’s Food Pyramid: More Fats, Fewer Grains, No Health Equity  Word In Black",https://news.google.com/rss/articles/CBMimgFBVV95cUxQZTZGVVpidnExd2ljU1VZRGdRcFlfdmlFQnBHZVY4X2o3V19CUk41bTZHbGR0Ujhmcms4UWZWZEs5Z2sxY0JCdF9ZOEhxeG9xdzd4dzkycFNWT09HN3FMWW1FWmhkT2FtTndWejJ1SEZIdENWWW9HbWNrbFhjV2R3aGM0a0NsS2xRaVB0aC10TG1jbjJtclpOWFNn?oc=5&hl=en-US&gl=US&ceid=US:en,Word In Black
2026-01-10 10:00:00,"Shows like Heated Rivalry help create safe spaces for P.E.I.'s LGBTQ+ community, advocates say - CBC","Shows like Heated Rivalry help create safe spaces for P.E.I.'s LGBTQ+ community, advocates say  CBC",https://news.google.com/rss/articles/CBMiwwFBVV95cUxPNG1hX2Ewcl82aHJzWDRTSnNTTFlWLUhiZ29leUR2VTloM3pfLVZQcEdjazZGZ0Eya2ZBSkEyaU5iX296M1l4Mm9tUVVwMFpvbGg1X1k2RkZtWWE3dDdQaWhUY3B3bjZtOXlDZUIzRUNNZlZhTm1nSzJLRUllUzZ3b2Z3cnV2dk1Qc25TYTl2T1FaQmR1MXBILWxybHhXU3F2YzdLVlU0Y1NLeUZFNnFqWVBkcVlmN1lnOGFJaVBmVUdiNTg?oc=5&hl=en-US&gl=US&ceid=US:en,CBC
2025-12-30 08:00:00,GST Rates in India 2026: Updated List of GST Tax Slabs and Item-Wise Rates - ClearTax,GST Rates in India 2026: Updated List of GST Tax Slabs and Item-Wise Rates  ClearTax,https://news.google.com/rss/articles/CBMiRkFVX3lxTE8wQnNTdXNBamdaSE1xMnBoeXdGSEIwZnJQVHRGc1F2cjgwNzhucEVlMDl6bFhQZ0R2bWUtSEF4WVFsalY1eFE?oc=5&hl=en-US&gl=US&ceid=US:en,ClearTax
2026-01-10 18:16:59,FBI’s Inquiry Into Minneapolis ICE Shooting Faces Doubts After White House’s Remarks - The New York Times,FBI’s Inquiry Into Minneapolis ICE Shooting Faces Doubts After White House’s Remarks  The New York Times,https://news.google.com/rss/articles/CBMilgFBVV95cUxOdjBOZm5JMEtOaXZoa2xCSkVsY0o3SWg2YWxBbTRwSGdBOWN1MXM3Z1hpVDZvV0JHOWdHYkdMTnNOVlJpeWdqMVB4WFg0cWtza0FvN3VzRUFPN3JQQ0JDbWE5c1huVjdtUXFFM0pncGNTTjktS1VoUGI3V2R2cHBCYUJSeFNUdXFiVl9zS1BGakU5Um9JTFE?oc=5&hl=en-US&gl=US&ceid=US:en,The New York Times
2026-01-09 03:31:01,Why S Jaishankar Had To Travel 670 Km By Road In US To Meet UN Chief - NDTV,Why S Jaishankar Had To Travel 670 Km By Road In US To Meet UN Chief  NDTV,https://news.google.com/rss/articles/CBMiywFBVV95cUxOUjNHTWZpWGl5dWtkS0VpMEFldk5vUlNjWFNZOUtsZloxU2h6MzgtY3VkVmpuRS1UYXMyX0ZHVGJFUjhpalR0UEJnMnVUcTlXYUMzWHFfcXV1dGVfZmVVU21TZkJUUGRza2RhYmdYbmxjMGJpZGJvUGszYy1jN1RUS3M5MGlaUWxzSzl0NGMyQlRnRnNOQ0FoTU5sQ3VzOUpSaHB6X0tXb3NsVUJERXEyV3p2YXF0TFRVUVBGcFFaM0JWaE53U0tQemdyTdIB0wFBVV95cUxQLU1qSmEzNnd4R204aXkwUG8yWTFadkVPd0FuUmppamtaSWVUSllpZU95R3lsNDlZZ3VFZ1BZYkdoYmdIRlVOU0o1bUVfX0hVRmtwREJzLW5pYWhYazVqa0NTSUdmbnBTNFBWUnc4eWxMckNFcmU0TWY0bGRJNlBHMEVBQUNSRjE1RTZDanM5UDJFWUswZDV6UElYM242ZHdQRTJyc1J5d3pXT2I4M01qUmNyUmJmM1lMelNrb2EtdzJUaE9BQ19kWHhzWGNEX1IyZFNr?oc=5&hl=en-US&gl=US&ceid=US:en,NDTV
2026-01-05 14:29:06,Is S.17A PC Act Sanction Needed When FIR Initially Mentioned Only IPC Offences? Supreme Court To... - Live Law,Is S.17A PC Act Sanction Needed When FIR Initially Mentioned Only IPC Offences? Supreme Court To...  Live Law,https://news.google.com/rss/articles/CBMihgJBVV95cUxOTXhpMU5ySDJSRFlheDhQVzBFN3M2TFRpcWRlUzUzQVZfX3VvR09leXUtQ0kydjljNmFCakVaQ1FFOVNabjZvVTZrdEVTYTlHOHNXRllQSW5ZeWlLTDUwYm0tQndySVFnR3V4b3VFMGU5MjN5WkJERWJxR1RzZ25TOG1ma2QyZjg4Yl9OdTZ4dGpINWlVVVBrMWZVQWNSaTI4bm9ZRnJzVHFuczA4VGF1dEtuX3hmaFd2TFg5b2I2T1B5bWNfckdEY3hvY2ZVNFlBWWdqNUZ5T2lqNWotNXpZWDJlTk4tRVplaThTQUx3cmROTldacTF6QW14RGlKODQ4N3Yzbk930gGLAkFVX3lxTE1XQk1FTU4xUWdVNzhuX1VGdmd6TVZtSWhqaVVyNU1aeF81Q05uVTJzdGlzT2IzZ3lvQ01yeFhzdnAyN25KTE9PYTQyQy1HZXNJR0k5MEh3M3gwN1pDeC1jV0hVcGI3czB0VmtDTUNUQmZPSXhucGJwc0NMcGxIRDZwMGVmdVcycVBmTkplVm54T2V6V0YtZzVQbHRvekwtaWFLVWdZVmdrY0MzWXVfSnhfd1ZRd0ZPSjBHY2tLYUpzUFdYWHBqYmVlNUkyT1dzclFHamg2QTAtbWlzNWR5V2JEM3FHdFIzUTc5X3VyeGs2QWFfVHg0WmQ5M3d4aktCVEYtaU1Kdm9jTl9aaw?oc=5&hl=en-US&gl=US&ceid=US:en,Live Law
2026-01-06 17:37:30,"Our Long-Term Mazda CX-90 Turbo S Came Up Short over 40,000 Miles - Car and Driver","Our Long-Term Mazda CX-90 Turbo S Came Up Short over 40,000 Miles  Car and Driver",https://news.google.com/rss/articles/CBMinAFBVV95cUxNR0RhUEJmTDlXWk5qYmVvc3MydDFwS1JWWm5IOExGMEZUb3Nab0RGNnF4TUZiLVc1QldXSTlmdjVQSkZxbHdUVzRUdU8ySjk3VV82SWNCdFRZT0xKYlJJQ0c0a3ROc195ZTZxak1ieUN0dC02YXNVSTJkR1JEdHVnRkJEV1l3UW9zV0FJaVFOay1iTVB3OFJsWFlOazE?oc=5&hl=en-US&gl=US&ceid=US:en,Car and Driver
2026-01-09 04:00:48,Tottenham in turmoil as Frank''s PR blunder and Romero''s social-media post invite more scrutiny - Devdiscourse,Tottenham in turmoil as Frank''s PR blunder and Romero''s social-media post invite more scrutiny  Devdiscourse,https://news.google.com/rss/articles/CBMi5AFBVV95cUxOOXA3aDZnVVBuZUJvOVIzUFNOb0sxcGxMMW50aFFIeFNzR3o0bVc2azU1Q09qWTYyQ2hlWUhHdWZIOEljVi0wS0NQelBSYkdiUGdMQWo0NG9ld0ljTUlRQTNOdUxKUWt5MXRfQU5Na1oydGZQc2JBWFlLVjhBUDdxbzl1QmR3NllYNU4tdXRBNVIyQURPcjh6aGV0YWdXWkhBbVIwWlhaeVljQ1dJWDU4Uk9ORXZzd0xmZ0JGd3RpeW51WWhXYlAwNjY2WEp1UzcwN3c3TzVGSGxFQVpiOWVGYVNkdWTSAeoBQVVfeXFMUHotbHFFYk5ObHJkRWlXUnlTWmY1ZHMtMmhwdnQwU05XU2FSMGwzWDlEOGt5UGhoWVVQVWh6REd3MTZCdi1pTmlnNlZMOEJqWWRNeVdGR2Nod3k5VzBnZ3RULUg3WGo2cElNU1ZUSHpqb2Y1V21vZFMxWVN1WElYVmJXMkhIU2V3cE1zbzNFdW1ZbGI1dFctNVVFWVRreU5jbzVQZmR2WldieE1McUJIaWd2emZyc2RRcXBiNHZaLUNsVEotR29maDd2Z3pkQjczWVpyYWMzd0JRamV0UEpKenhXa0toLXdXVG13?oc=5&hl=en-US&gl=US&ceid=US:en,Devdiscourse
2026-01-09 19:46:13,Jim Cramer Discusses ServiceNow (NOW)’s Business - Yahoo Finance,Jim Cramer Discusses ServiceNow (NOW)’s Business  Yahoo Finance,https://news.google.com/rss/articles/CBMiiAFBVV95cUxQWHZWRjRDY2ttdldTR2FQMVpzalROS0tHcEk4NHNSSDhhTEd6cTN5a0hRWmdzRkdpZVdQcXZEMG5uNnNncUp5X1VqelY3cHdxWV9xMnotdk5CMDJYXzhzdEMtbG9wc0lHMTFrVEg0bUpsYXBvdWtpRjdCcG1jcC1JVkFPbEF1VUdR?oc=5&hl=en-US&gl=US&ceid=US:en,Yahoo Finance
2026-01-06 15:41:50,S. 138 NI Act | Cognizance Can't Be Taken Of Time-Barred Cheque Dishonour Complaint Without First... - Live Law,S. 138 NI Act | Cognizance Can't Be Taken Of Time-Barred Cheque Dishonour Complaint Without First...  Live Law,https://news.google.com/rss/articles/CBMi-wFBVV95cUxORGsxMDd4RUJyb1gzYVJCd1l4VjhJakdDR3BHMWI4ODFuTWlHMFV2elU5bXRkOUx3TndNWXBrRUlYTG1NdVZyeHBOVHBXNjVmQ3FrMzVPWlo3Z2FiRFpSWWdRU0VRbDZCZ1djaUpsV2N0dU1FcTVSWjFFekxRUlpHVU42dTJmUWVWcG5YZEhzV2VnMndVSUdKazZRMHJMY1BuTWlGQmlOd2ZmdzJvdkJ0RnllMEx2dmpudVlwZDVFbFlxTzJWVTc2T2dUYTBMWUh3b25zMnE2TzNQdHI2Y0REY0xmbmEtQzg3T0dNM3piSm83RjhpWTV1a0RKZ9IBgAJBVV95cUxQQ0ZtQXU4YXVEbndCZkUyU09iRElYQk5kdV9EbWFpSmFnYnM3bjd1b2lVZlpQd0xfVWlqZGtFMFFhUnBscEdiU0VCVExaYU5FWVBWQk5IRmxMdzdGTlFoTGZ1c3AyN1Q5NWxmNTliVll1TVpqMjhfbVJNd3J2WW5mdDRvQm9Jdm51cTZ3T1o1SnJ4VENKeHBwdWk5VUQ3cDhfZUFncl80NGw5c2RabHo0STZQVXR6aUlUS19PZ0xiV0pGMmpyU1FxVzBlSXA2dTJLOHpkUnY1U1NRbzZpOE1kTE1WcERQYkw5blhQT3dveWJRTFBvM3ZRemVvTDVyQUlE?oc=5&hl=en-US&gl=US&ceid=US:en,Live Law
2026-01-09 19:06:27,S Dinajpur: Man sentenced to 3-year jail for attempted assault on minor - MillenniumPost,S Dinajpur: Man sentenced to 3-year jail for attempted assault on minor  MillenniumPost,https://news.google.com/rss/articles/CBMitAFBVV95cUxNcEpRd1JqS1JZMkVBNlAtSUZ1Z25xcmgzRHJOUnVQUjljbFotZXRlQWpmTEV0YVJReTV1Rm1kVkNzcVpZUXgxZExMNG1mQU1qN2FpNWZ1UmxSLWpkR3dCaXRkN2JQYzlSY2lQZS1PWkJwN1R5aHVKUTNhZFZoUGxac1lzVENKdHJ2UUdxUEdxM0ZodHV4bGVLb0lsTS10a1loQm80WWl3WDZ5ZkxsOXZaZ0o2WFbSAboBQVVfeXFMTWlORm1CbjF2NzFndlpuOU03bzdjcXFHeUVhc21tbXc3TmNGTXk2cHhhak1kU1ZNM3RfdlpfVk1ER3dkVTlJR3dPMDN0bVA0NFhCa2E2bVFPeURVakR4NTJUVnFXSFZva0s4MHVTUlAzMHdCZHY5dHJqTGJ2TWxta24yT2Q3NGJLWjRtY1VqWXZONmRrSUtvMXFydkxBTno0U0pyVXVKemJWeHdSRlpqMkZFeS1UQjk3ME1n?oc=5&hl=en-US&gl=US&ceid=US:en,MillenniumPost
2026-01-08 09:59:18,"S. 223, 226 BNSS | Magistrate Must Give Notice To Accused After Examining Complainant & Before Taking... - Live Law","S. 223, 226 BNSS | Magistrate Must Give Notice To Accused After Examining Complainant & Before Taking...  Live Law",https://news.google.com/rss/articles/CBMiwwFBVV95cUxNQWV0QWU4dE5kdDhmVURoRDZNSWkwUDBkU1RzWTQ4aVJKTUdfbGJYTjZoWXBzRlFrRzFyMGN2R3ZzV0RrTmg4TXRNNXA0eUthTklDMlEyaEw4MHg3NzFkdzV2aUVJRUMwSHpnVWhkX1lNOGFldWllSXk2Rm9yWXNYb0tWeGhLQVFQZndTMTRRR2lDOUNTVHdHbVQ2dGFrSGdqSUNuMjFwS2ZiMWY5eWhNaE1ZWDFvM1RiN0ZNS2VXMEJYWUnSAcgBQVVfeXFMUHFzRFdvTUdpTzloaVU4Q2NaaWRZdTJBVmx5NDVNUE9GQ202RTl5TlJ2XzlVN1BHQkFMMkozLWZiQXZvX1BXZG9oU0h5b3RieVBtbzFYcmpQbUI0bVE5TnlzM0E2ZjVPbkhybl9RcGYtdzZUQ2lZVGVoS3JwdWNZX09iTHF0blFOc2djT0l3RzFteFFyemtYQ0JVZ1ZwaGhINDlMeFg0b3g1by1GQXVnMW5tcFE4dG5zTm5uNXZlMVVXanBhZ3VFVFk?oc=5&hl=en-US&gl=US&ceid=US:en,Live Law
2026-01-10 09:49:00,"Dalit woman murdered, daughter abducted in U.P.'s Meerut - The Hindu","Dalit woman murdered, daughter abducted in U.P.'s Meerut  The Hindu",https://news.google.com/rss/articles/CBMiwwFBVV95cUxOWmpqT29YTDNKdXdBT0c2T1NHeGgwUGN4R3VqWHZqUGlqY1I4NUV1eEtCR0JhOFNZMmptUGs2VW5SaXpiOGcyRVM1UUNOc29XVk1JelA5d3pWeU1HRzBvRG1XU0Y1clEyUlZZdWtQeDRfLUZQNTczdlliUlIwTGhnV1R5Zkl3SThSWkgta1VROTNYV3hwNmJPNGhaVFoxdEtDT25kWGtWYVl6N0h4MXIxOTBHa1BQSFN1aWJ1U2dmVlkyTmfSAcoBQVVfeXFMUGNtYTZ3WWxjRzROTzcwZGZza0hmZnhCcldwWmRIek5GSnhTLWZUS2o2Zm5Bb0VscURBdl9XVTZ2QmF6T0h1dGJUaUdGTGx5MW9zVWRaeDRoZ2hoWXJsbm9BZWRfdjlMQmRESUZRRjQ4UDRIZnJNRlFwbl81MjFaS01rN1FPS2c2VnAwUHBZNk5tcUFwSjZjelZlZWlpTHNNalRoMTcxNXYzamtDd0tMVmRBc3MyYWZtc2tFNkpSZkJTREtsWDN2dDZxUQ?oc=5&hl=en-US&gl=US&ceid=US:en,The Hindu
2026-01-06 15:43:19,2026 LiveLaw (SC) 13 | S. Nagesh versus Shobha S. Aradhya - Live Law,2026 LiveLaw (SC) 13 | S. Nagesh versus Shobha S. Aradhya  Live Law,https://news.google.com/rss/articles/CBMimgFBVV95cUxOaEVoUU1sck5TQk5WUi1ILUJsdUo2ekZzU25KaFpPczE0MklYMFBGYURURmVCVzZkODdpQkFTYXhnSTZ1Ri00OHd5aThJZWVtTGxpOVpsWFJENXE5c2Y0eF9SU1pnQlJOX3BsY0h1S0ZaVU1kUkphcFYyWkNMbmp1NkFsNDE5UXpoNVQxRm5fR3Z5aDdjdDM4WWpn0gGfAUFVX3lxTE5lY2Q1aU05WGIwczFmajZ3Q1hFeUVTd2FKbkRDUWpSSDJIdFQwb1F2Zm9fQ0FGU3lmRXpkM0wyMUo0VEdwY3hJekc0V21oaGljaTJiN2VJNWxGSDkwcnkzT2NMdnBqd292dnU0UXdYQVR3WHYwUG1PbDVZLUZsY0ZZNjZPN0lxZ0pwNjY2dFdmcnA2SW9RLUJiUGhJWEpWWQ?oc=5&hl=en-US&gl=US&ceid=US:en,Live Law
2025-12-30 08:00:00,TDS Rate Chart for FY 2025-26 (AY 2026-27) - ClearTax,TDS Rate Chart for FY 2025-26 (AY 2026-27)  ClearTax,https://news.google.com/rss/articles/CBMiTEFVX3lxTE1pYjQxSDYwNWR0Z2Z1eEpFYl93a1FWNHJTOFVQQ1FvNW91SWJta09FR2gtWXR5SVRHWGRXUWhVbmcyRWl4MXFBMjVJLWU?oc=5&hl=en-US&gl=US&ceid=US:en,ClearTax
2026-01-10 18:52:30,Torquay United vs Hampton & Richmond: National League N / S stats & head-to-head - BBC,Torquay United vs Hampton & Richmond: National League N / S stats & head-to-head  BBC,https://news.google.com/rss/articles/CBMiYkFVX3lxTE1EZ1NNMlFjbG5VOVVpYXVnbm5rVkF1cVZnLWp5RzFhLXNxTWt1eFo4cG5abVM3X1Ffd3lLRk1BZldySlczWmxtUUdDRTA3ODlBc3VIQUZMUVlvUE9PUVpKczZn?oc=5&hl=en-US&gl=US&ceid=US:en,BBC
2025-08-19 07:00:00,"Visit of External Affairs Minister Dr. S. Jaishankar to Russia (August 19-21, 2025) - Ministry of External Affairs","Visit of External Affairs Minister Dr. S. Jaishankar to Russia (August 19-21, 2025)  Ministry of External Affairs",https://news.google.com/rss/articles/CBMiywFBVV95cUxOaXFYSkxZZ1lZNmdlSFI5NFVCelA3UERoRDZOYkZ5dnZQVWIyVmNWX3VtSk5NTzZObGp5VDdHcE56XzNvNHFIZjVpNjZtbTA2bnBFbUhlaDJzcEZQWHRrbWg3ZVJ3NEFTSGtncC1vci10Wi1UQThEbFFmVWctUHd5Y0NmdjBRaVUteHhtZDZSaWtsbFFOV3o1TE12TEFaSkJhZ3RuX25uS0syWXlManNKR2dNdXlWaGx5UVE4RHZ0N3o1eExJdHZYdlk2SQ?oc=5&hl=en-US&gl=US&ceid=US:en,Ministry of External Affairs
2026-01-10 19:52:15,Leamington vs Spennymoor Town: National League N / S stats & head-to-head - BBC,Leamington vs Spennymoor Town: National League N / S stats & head-to-head  BBC,https://news.google.com/rss/articles/CBMiZEFVX3lxTFBoU0R4R0p4WlNndXFaY0F2WmZvYTk4bkJpTDVkZUhpdGQwRUdYRVJFOV9JeFQ1UnZrMUIzZ0pxcEtkcjZnUk12QllRWjV4NUNOSk9JcEtKcHJkam9JWktjZ3A4Nlo?oc=5&hl=en-US&gl=US&ceid=US:en,BBC
2026-01-10 20:43:16,Chesham United vs AFC Totton: National League N / S stats & head-to-head - BBC,Chesham United vs AFC Totton: National League N / S stats & head-to-head  BBC,https://news.google.com/rss/articles/CBMiZEFVX3lxTFBpa3lzRUZQN0hva0N4TklxdC1nNU1wdVVBTjlSZlp4ajd2NTVYRThTbGtsUjJMSGRseGVHYWR2ZEFNZm5LblkyS0Z2MzNxQXpGdEhWLUFBQ0ZROWRwQkY5ZWN4Tzg?oc=5&hl=en-US&gl=US&ceid=US:en,BBC
2026-01-10 20:27:17,Farnborough vs Chelmsford City: National League N / S stats & head-to-head - BBC,Farnborough vs Chelmsford City: National League N / S stats & head-to-head  BBC,https://news.google.com/rss/articles/CBMiZEFVX3lxTE8tSFVLMjltOXlCbWMycGt0cjFJMVJ0SGpDelpFNTNidVpnZVdtbVhDb1ZmVlpNTDRGbzN6OGtaNUZVVHdZenBtMWZkRDV6V2NrNjY3blVtNGFtNnNfbkNvclF1T1A?oc=5&hl=en-US&gl=US&ceid=US:en,BBC
2026-01-10 19:28:59,Dover Athletic vs Hemel Hempstead Town: National League N / S stats & head-to-head - BBC,Dover Athletic vs Hemel Hempstead Town: National League N / S stats & head-to-head  BBC,https://news.google.com/rss/articles/CBMiZEFVX3lxTE82RlUyYVVzUVk4STJtOW0wY0R3Ym8zRTdjQmRZWGVyOWNaZlVHWmdKM2FQeTdDVHhFaEg4WnNxX3FGc1ZGYkNTLS1jOXdXQTFZeERPTjVkVDAzNktDTjlwcTF3c1Q?oc=5&hl=en-US&gl=US&ceid=US:en,BBC
2025-09-08 07:00:00,Premiere at IAA: Walk-in Model shows Munich’s new XXL S-Bahn - Siemens press,Premiere at IAA: Walk-in Model shows Munich’s new XXL S-Bahn  Siemens press,https://news.google.com/rss/articles/CBMiowFBVV95cUxQWkpUUDFERHNXR2xkWXlEWUdYQnB1dzlTekhqMmpyeG9tc2hMOEhFRTNOSjZHSnFLa21TWjNhb3lncmxEckpjT3JnMV8tWnJsLVFDYndYMmFVU3FoRGFCSlRiZ29FcUQyTnBLODNEcWlkRWFxRW1rNmlCcm9OYmNqYmJnSUxJR1AxbENZaFRqa1RWOXZUYm9TLW0yTTF5dk5zaEQ4?oc=5&hl=en-US&gl=US&ceid=US:en,Siemens press
2026-01-09 17:53:42,MOF-derived g-C3N4/ZnIn2S4 S-scheme heterojunction: Interface-engineering enhanced photocatalytic NO conversion - EurekAlert! Science News Releases,MOF-derived g-C3N4/ZnIn2S4 S-scheme heterojunction: Interface-engineering enhanced photocatalytic NO conversion  EurekAlert! Science News Releases,https://news.google.com/rss/articles/CBMiXEFVX3lxTFBuczJWRlFxM2JIdEt0d1djTGtoZi1Nem00Z2JVTkhhVVpQUlBHa05xWXRFMERMUF83TktJeDFodUpoYUVCYUZXWEROOE9VTG9MRi1BdTkxNDR3RWpx?oc=5&hl=en-US&gl=US&ceid=US:en,EurekAlert! Science News Releases
2026-01-10 21:45:00,"Rakuten Eagles 's Kenta Maeda is looking forward to facing Hayato Sakamoto ""one more time"" in the interleague games and Japan Series. The '88 generation ally is aiming for 180 inning | Pacific League | Professional baseball - パ・リーグ.com","Rakuten Eagles 's Kenta Maeda is looking forward to facing Hayato Sakamoto ""one more time"" in the interleague games and Japan Series. The '88 generation ally is aiming for 180 inning | Pacific League | Professional baseball  パ・リーグ.com",https://news.google.com/rss/articles/CBMiXkFVX3lxTE84eW1lRnZLSXpKcnNGdk4wUmdyQ2R6cmhqYXAzWFpVeThhOXRHZW9zRnU3NjdoNFQ1YWlid1JHR0FWdThtbm05emxhTkZ0LUhoNHdWNGQ2aTJrMGh4c2c?oc=5&hl=en-US&gl=US&ceid=US:en,パ・リーグ.com
2025-09-04 07:00:00,EAM S Jaishankar Inaugurates SAMHiTA Conference on South Asian Manuscripts and Mathematics - News On AIR,EAM S Jaishankar Inaugurates SAMHiTA Conference on South Asian Manuscripts and Mathematics  News On AIR,https://news.google.com/rss/articles/CBMivAFBVV95cUxQSXIyTlpsMmFMWk4wVWdrLTZsWUZNY1c4QWtkMWtGZEdUbUM4bHZ1S3RIS1R5X3hkT0ctbTJkZm9NUEQzYlhCYkppQmFtcjRjRy14Ql9SYkVlZFBrNjI2dElSM3dLTXJrMHdMYVdGYnIzaXZpMjZIN2d2MUVrX0wybTJSMU9YRnRnV3FRUnc4U0pWSkJfWFRXNWF5TTl3UTlWRzl3dE9NZURZOEcydW0xQnJ6VXluQkpGMHUzUw?oc=5&hl=en-US&gl=US&ceid=US:en,News On AIR
2025-12-22 08:00:00,Erdogan’s S-400 Trouble Was of His Own Making - Time Magazine,Erdogan’s S-400 Trouble Was of His Own Making  Time Magazine,https://news.google.com/rss/articles/CBMibkFVX3lxTE9mNGtwc000X1A3VDJPZEUyRlNZOVVEUnppa1dfVC1jTFV6THJUNWxtNzNmX2cxQWxZUmpxdFd0c25xT0dKbUJvWENDb3ljQ2dqcHhGbEZPNzdsRXhrWGVKVE9laGZabFRQNFdlYTFn?oc=5&hl=en-US&gl=US&ceid=US:en,Time Magazine
2026-01-10 20:30:34,Golfweek 50th anniversary memories: Brian S. Peterson helped magazine go national - Yahoo Sports,Golfweek 50th anniversary memories: Brian S. Peterson helped magazine go national  Yahoo Sports,https://news.google.com/rss/articles/CBMikwFBVV95cUxQSTNDOUJJWmZBYTBwbE5BcEM0RzlKM1haZGdGSlFnZUpLYnp0d1hfY3hkd3BfUzNUYng2R1NNWHdjb3VBeUF5R0pNZU9nd0RrQnJyTjJPQTd2N1hXSVctSXJWUUVUUlEwMDFwa2hQMTNfdWpxSVF5X243bGJfMHVZMnBrQUNoOHo5TGhYVnVEQkNEaU0?oc=5&hl=en-US&gl=US&ceid=US:en,Yahoo Sports
2026-01-10 05:55:39,"Chinese, Russian, Iranian warships begin naval drills in S Africa - News Arena India","Chinese, Russian, Iranian warships begin naval drills in S Africa  News Arena India",https://news.google.com/rss/articles/CBMirwFBVV95cUxPQW9OTUczX2lsaWFnWURzcmFJS25ReVBvMmpXR1l2R2ZaTEN3NWE0QWxGeVplT0VUc2pyWlNTUGlibVhuOXJFSHJ3ZzRINDVWazZpSk1hb3J4MW80RU1CYzA0cjNFcGxXcThkb0RNbXJkREQwM3NMSjhQNHh5MVAwTC1sa2xSOU9LU1NjV3RxdTU3VDZsdnpzYzFHWTc1ZTd2WGdlOEZ6OWpwS2RiSTdv?oc=5&hl=en-US&gl=US&ceid=US:en,News Arena India
2026-01-09 10:38:58,"‘India needs manufacturing and services’: EAC-PM chief S Mahendra Dev says Viksit Bharat is about sustainable, inclusive growth - The Indian Express","‘India needs manufacturing and services’: EAC-PM chief S Mahendra Dev says Viksit Bharat is about sustainable, inclusive growth  The Indian Express",https://news.google.com/rss/articles/CBMisgFBVV95cUxNZ0xiUnBObFlNYTQ5NVo0T2RzNXFFQ0JzWVZRN29INFFfWlp1UC1rVUF0WGxla3N3VmxMVkNnOFZER1ZIRVFZVkFUVUJ6YmdVcm14c0Fya3BwTThYV2ZoS2dHWGZPYjZuU3ZEaTVwN1ZMZFF3bFJ5Q2lHR21jZHlhRzZIcG5KT195WjRNLVpMRHZTTENLc1ItTGt0Z0VHYWEtc1dWWDh3OFVWS01sT0g1eHRB0gG4AUFVX3lxTE92Z0Y5MndidWxPWHVSVG1rREE4VVQwemxpa3RpT3hKdVMtb0pkd1I4dXZRbzlIN1plWnlPTVA1MWl6alZkd0xVb3I0TGdHdF9hd2ZJNHFQenR2Mk54cm53Mm1oNWVPZThkZTRhT05ZYUlFV0ptZEsxOXBsbGswQ2VKQ0YzS3o0ZE9RanRjRVpvc2QwNmNDaS1RMExiU3padlQtYmF6UndzeGMtQmJvV1UwcVFPZFY4M1M?oc=5&hl=en-US&gl=US&ceid=US:en,The Indian Express
2026-01-10 22:04:23,Torquay United vs Hampton & Richmond: National League N / S stats & head-to-head - BBC,Torquay United vs Hampton & Richmond: National League N / S stats & head-to-head  BBC,https://news.google.com/rss/articles/CBMiYkFVX3lxTE1EZ1NNMlFjbG5VOVVpYXVnbm5rVkF1cVZnLWp5RzFhLXNxTWt1eFo4cG5abVM3X1Ffd3lLRk1BZldySlczWmxtUUdDRTA3ODlBc3VIQUZMUVlvUE9PUVpKczZn?oc=5&hl=en-US&gl=US&ceid=US:en,BBC
2026-01-10 22:03:09,Curzon Ashton vs Bedford Town: National League N / S stats & head-to-head - BBC,Curzon Ashton vs Bedford Town: National League N / S stats & head-to-head  BBC,https://news.google.com/rss/articles/CBMiZEFVX3lxTE1sNXNLMGItRlpaOTQwR0lyb1kxYUxLR0ptem9NLTRtN1V5MUlZYlR1UkJrRnZHWlNmOGpfY2pWREM2SDloSlNZNjVFQUpuY2ZtV2JmajhOUVR6SFNZZ2g4RDVvUE0?oc=5&hl=en-US&gl=US&ceid=US:en,BBC
