Date,Title
2026-01-11,Arbitration | Lack Of S. 21 Notice Not Fatal If Claim Is Otherwise Valid & Arbitrable : Supreme Court - Live Law
2026-01-11,No Rahul-Stalin in Tamil Nadu? DMK rejects Congress‘s 'sharing power’ proposal; CM firm on stand - Times of India
2026-01-10,Parents on RFK Jr.’s advice on sweets: ‘Completely unrealistic’ - Politico
2026-01-10,FBI’s Inquiry Into Minneapolis ICE Shooting Faces Doubts After White House’s Remarks - The New York Times
2026-01-08,Why Indias Overreliance on Russian S-400 Missile Defence Systems is a Strategic Gamble - TheWire.in
2026-01-10,Mahindra Vision.S spotted testing again; Inches closer to 2027 launch | Hindustan Times - Hindustan Times
2026-01-09,'Corrupt land grabber': Kumaraswamy hits back at D K Shivakumar over 'BJP-JD(S) merger' remark - Deccan Herald
2026-01-11,"BJP, JD(S) welcome special session on VB-G RAM G - The Hans India"
2026-01-10,Former CPM legislator S Rajendran to join BJP - The Statesman
2026-01-09,"Russia Joins Chinese, Iranian Warships for Drills Off S. Africa - The Moscow Times"
2026-01-10,"Manu S. Pillai: How purdah shaped women, power and politics in India - livemint.com"
2026-01-11,Galaxy S26 Ultra feels totally different when S Pen out - Sammy Fans
2026-01-11,China Banking Corporation promotes Richard S. Borja to First Vice President II - PSU Connect
2026-01-11,Indian pacers shine but Daryl Mitchell''s half-ton guides NZ to 300 for 8 in first ODI - Udayavani
2026-01-11,"Data, trust, and technology will decide India’s next harvest, says Ajay S. Shriram - Fortune India"
2026-01-11,Forced Unnatural Sex By Husband Amounts To Cruelty U/S 498A IPC But Not Rape U/S 375 IPC: Madhya Pradesh... - Verdictum
2026-01-11,"New Tata Punch facelift: All variants explained, from Smart to Accomplished+ S - Moneycontrol"
2026-01-11,"Science ministry, Nvidia share view on setting up research centre in S. Korea - IANS LIVE"
2026-01-11,Suresh hits out at JD(S) over ‘CD factory’ allegations - The Hans India
2026-01-11,"Yuva Nidihi response an eye-opener, says VTU VC Dr S Vidyashankar in Bengaluru - The New Indian Express"
2025-12-31,OPPO Watch S - Ultra-slim Smartwatch for Workout & Health Tracking | OPPO Global - OPPO
2026-01-11,VDG member’s teenage son killed in accidental gunfire in J-K’s Kishtwar - ThePrint
2026-01-11,"In Ward 123, the Sena (UBT)’s prestige ward, Koliwada gaothan issue dominates | Mumbai news - Hindustan Times"
2026-01-11,S.126 Indian Contract Act | Promoter's Undertaking To Infuse Funds Won't Amount To 'Guarantee' : Supreme ... - Live Law
2026-01-11,ZonAIR+ 300 S air purifier review: Premium purifier built for large spaces - Times of India
2026-01-11,S. 498A IPC Not A Panacea For All Matrimonial Ills; It Is Meant To Address Grave Cruelty: Karnataka High... - Verdictum
2026-01-11,S.138 NI Act | Multiple Complaints Can Be Filed Over Dishonour Of Several Cheques From Same Transaction : ... - Live Law
2026-01-10,V R Prabodhachandran Nair to receive S Guptan Nair Foundation award - Times of India
2026-01-11,S Muzaffar Ali to deliver lecture at PU on Jan 16 - Times of India
2026-01-11,"Play 1,000s of nostalgic games with this $85 console - Mashable"
2026-01-11,Mamata’s allegations on Bengal SIR baseless exaggerated BJP''s Suvendu - theweek.in
2026-01-06,S. 138 NI Act | Cognizance Can't Be Taken Of Time-Barred Cheque Dishonour Complaint Without First... - Live Law
2026-01-11,"CommScope Holding Company, Inc. (COMM)’s RUCKUS Networks Introduces AI and Wi-Fi 7 Innovations - Yahoo Finance UK"
2026-01-08,Harry S. Truman - Encyclopedia Britannica
2026-01-11,Forced Unnatural Sex by Husband is Cruelty u/s 498A IPC but Not Rape: MP High Court Quashes Rape Charges - Law Trend
2026-01-10,S Chand Subsidiary Acquires CPD Singapore Education Services for SGD 1.50 Million - scanx.trade
2026-01-11,What adidas (XTRA:ADS)'s Rare Bank of America Sell Rating Says About Its Competitive Moat - Yahoo Finance
2026-01-11,Germany rebukes RFK Jr.’s claims Berlin prosecuted doctors over Covid vaccine - politico.eu
2026-01-10,"Forced Unnatural Sex By Husband Is Cruelty U/S 498A IPC, But Not Rape Due To Marital Exception: MP High... - Live Law"
2026-01-10,"BJP, JD(S) welcome special session in Karnataka Assembly on VB-G RAM G - Udayavani"
2026-01-10,FIR against eight for seeking s 1cr dowry in Noida - Times of India
2026-01-10,Russia to Send Fourth S-400 Squadron to India by Late May 2026 - defence.newsd.in
2026-01-09,What was Marvin Harrison Jr.’s net worth in 2025? - Times of India
2026-01-07,Urban Land (Ceiling and Regulation) Act | Service Of Notice under S. 10(5) On Person In Actual Possession ... - Live Law
2026-01-10,Jennifer S. Buell: An Important Milestone for MiNK Therapeutics and Patients Undergoing Stem Cell Transplantation - Oncodaily
2026-01-09,"Lawrence S. Lerner, advocate for evolution education and NCSE Friend of Darwin, dies at 91 - National Center for Science Education (NCSE)"
2026-01-09,"Glad to welcome my colleague, Czech Deputy PM and Foreign Minister @Petr_Macinka, to Kyiv. 🇺🇦🇨🇿 Grateful for his visit of bravery and solidarity right after a massive Russian missile and drone attack against our country. Key highlights of our talks: • Peace - x.com"
2026-01-10,S. 448 Companies Act Can’t Be Read In Isolation; Must Be Read Along With S. 447 Companies Act: Supreme... - Verdictum
2026-01-09,MOF-derived g-C3N4/ZnIn2S4 S-scheme heterojunction: Interface-engineering enhanced photocatalytic NO conversion - EurekAlert! Science News Releases
2026-01-11,"Should You Be Impressed By WEC Energy Group, Inc.'s (NYSE:WEC) ROE? - Yahoo Finance UK"
2026-01-10,"BJP, JD(S) welcome special K'taka Assembly Session on VB–G RAM G - News Arena India"
2026-01-11,India wants smartphone makers to share source code for security - NewsBytes
2026-01-10,General Penalty u/s 125 Cannot Be Imposed When Late Fee is Levied u/s 47: Madras HC [Read Order] - Taxscan
2026-01-11,"U.K.'s former ambassador to U.S. apologises to Epstein's victims, not for his own ties - NBC News"
2026-01-10,Prosecution Must Prove Publication Of Material To Establish Offence U/S 67 Information Technology Act:... - Verdictum
2026-01-09,India''s Policies & Growth: Shaktikanta Das Remarks - Rediff MoneyWiz
2026-01-09,Yujiro S. Hata Recognized Among The 100 Most Influential CEOs in Oncology in 2025 - Oncodaily
2026-01-10,"Former CPM MLA S Rajendran to join BJP, meets Rajeev Chandrasekhar - Mathrubhumi English"
2026-01-08,Traders Bet on the U.S.’s Next Airstrike Target - WSJ - The Wall Street Journal
2026-01-10,Issuance of Summons u/s 70 CGST Act Cannot be Considered as Initiation of Proceedings: Delhi HC [Read Order] - Taxscan
2026-01-10,"Private v/s Public Banks, Which Bank offers Top Fixed Deposit Interest Rates, Here to Know and Compare - PSU Connect"
2025-12-30,GST Rates in India 2026: Updated List of GST Tax Slabs and Item-Wise Rates - ClearTax
2026-01-09,"Chinese, Russian, Iranian warships arrive in S. Africa for naval drills as tensions run high - Nagaland Post"
2025-10-08,MEA | About us | External Affairs Minister| Dr. Subrahmanyam Jaishankar - Ministry of External Affairs
2026-01-10,"Former CPM heavyweight S Rajendran to join BJP at Munnar, holds talks with Rajeev Chandrasekhar - Kerala Kaumudi"
2026-01-10,Trade minister heads for US amid concerns over S. Korea's network act revision - thehawk.in
2026-01-11,Germany sharply rejects RFK Jr.'s claims that it prosecutes doctors for vaccine exemptions - abcnews.go.com
2026-01-08,Departure(s) — Julian Barnes’s ‘last book’ is a triumphant meditation on memory and endings - Financial Times
2026-01-10,Wafik S. El-Deiry: Targeting ITGB6 to Stimulate Potent Anti-tumor Immunity - Oncodaily
2026-01-09,Bestow Bharat Ratna on Bihar CM Nitish Kumar JD U 's KC Tyagi urges PM Modi - theweek.in
2026-01-10,"Ramadoss praises Stalin, signals intent to join hands with DMK - The New Indian Express"
2026-01-09,"Experts weigh in on RFK Jr.'s new dietary guidelines: 'I don't think it should be so hard to know what's healthy,' epidemiologist says - CNBC"
2026-01-10,"AI Edge special: India AI Impact Summit Is about outcomes, not investment pledges, says MeitY Secretary S... - Moneycontrol"
2026-01-10,"""No connection to the party's activities"": JD(U)'s Rajeev Ranjan denies KC Tyagi's Bharat Ratna demand for Nitish Kumar - The News Mill"
2026-01-10,Why Chandrababu Naidu No Longer Hesitates About Ram Mandir... Or Hindutva - Swarajyamag
2026-01-07,RFK Jr.'s new dietary guidelines go all in on meat and dairy - NPR
2026-01-10,‘We work for everyone’: Nitin Gadkari rejects claims BJP is anti-Muslim - Mid-day
2026-01-09,"JPMorgan (JPM)’s Multiple is an Insult to CEO Jamie Dimon, Says Jim Cramer - Yahoo Finance"
2026-01-09,Will you notice any change at the grocery store because of RFK Jr.’s new food guidelines? You already have - CNN
2026-01-10,I am weirder than s**t: Lionel Messi | 'My wife Antonella can tell many more things' | Inshorts - Inshorts
2026-01-05,Is S.17A PC Act Sanction Needed When FIR Initially Mentioned Only IPC Offences? Supreme Court To... - Live Law
2026-01-09,Redefining Mortgage Lending Compliance: B.C.’s Bill 29 and Canada’s Evolving AML Regime - JD Supra
2026-01-09,"Russia’s overnight strike on Kyiv damaged the premises of a foreign diplomatic mission, the embassy of the State of Qatar to Ukraine. Russian strike is a grave violation of the Vienna Convention and a reminder that Russian brutality knows no limits. We stand r - x.com"
2025-10-22,S. Paul Kapur - U.S. Department of State (.gov)
2026-01-08,The Dangers of RFK Jr.’s Unscientific Vaccine Schedule - Time Magazine
2026-01-11,Seasoned curator takes the helm as director of P.E.I.'s Confederation Centre Art Gallery - CBC
2026-01-10,"In Sayre Gomez’s Art, L.A.’s Problems Move From Real to Hyper-Real - The New York Times"
2026-01-10,Will RFK Jr.'s new food pyramid impact grocery stores? - CNN
2026-01-08,Old food pyramid vs. RFK Jr.'s new food pyramid. See what's different. - USA Today
2026-01-09,"Four civilians were killed, including a medic, and over two dozen injured in Kyiv after a horrible night of Russian strikes. Residential areas, critical infrastructure, power, heating, and water supply were all under brutal attack by cruise and ballistic missiles and dr - x.com"
2026-01-09,"RFK Jr.’s Food Pyramid: More Fats, Fewer Grains, No Health Equity - Word In Black"
2026-01-10,What Repsol (BME:REP)'s Push for US-Approved Venezuelan Exports Means For Shareholders - Yahoo Finance
2026-01-09,"NVIDIA (NVDA)’s Gonna Have a Great Q1, Says Jim Cramer - Yahoo Finance"
2025-09-08,Premiere at IAA: Walk-in Model shows Munich’s new XXL S-Bahn - Siemens press
2026-01-07,Investigations of Foodborne Illness Outbreaks - fda.gov
2026-01-08,Ukraine Awards Major Lithium Project to Investors With Links to Trump - The New York Times
2026-01-08,RFK Jr.'s new food guidelines could boost beaten down fast-casual chains like Chipotle and Sweetgreen - CNBC
2026-01-09,What Devon Energy (DVN)'s Oil Price Pressure and Venezuelan Supply Questions Mean For Shareholders - Yahoo Finance
2026-01-08,Piper Sandler Turns Neutral on SentinelOne (S) Despite Modest Valuation - Yahoo Finance
2026-01-09,Jim Cramer Reveals Why Micron (MU)’s Shares Performed Well - Yahoo Finance
2026-01-08,"S. 223, 226 BNSS | Magistrate Must Give Notice To Accused After Examining Complainant & Before Taking... - Live Law"
2025-10-13,"20% compensation deposit under S. 148 of NI Act is not mandatory, Appellate Courts have discretion: Gujarat HC - SCC Online"
2026-01-09,Bestow Bharat Ratna on Bihar CM Nitish Kumar: JD(U)'s KC Tyagi urges PM Modi - Moneycontrol
2025-12-17,EAM Dr S Jaishankar extends National Day greetings to Bhutan - News On AIR
2026-01-10,Golfweek 50th anniversary memories: Brian S. Peterson helped magazine go national - Golfweek
2026-01-11,"BJP and JD(S) accuse Congress of misleading people on VB-G RAM G scheme, welcome special session - The Hindu"
2025-09-26,Family road trip to Sakleshpur + S-Cross tyre upgrade review - Team-BHP
2026-01-09,Jim Cramer Discusses ServiceNow (NOW)’s Business - Yahoo Finance
2026-01-11,"Workday, Inc.'s (NASDAQ:WDAY) Fundamentals Look Pretty Strong: Could The Market Be Wrong About The Stock? - Yahoo Finance UK"
2026-01-11,What Does The Estée Lauder Companies Inc.'s (NYSE:EL) Share Price Indicate? - Yahoo Finance UK
2026-01-09,Why S Jaishankar Had To Travel 670 Km By Road In US To Meet UN Chief - NDTV
2026-01-11,2026 LiveLaw (SC) 34 | Sumit Bansal v M/s MGI Developers and Promoters - Live Law
2026-01-09,Ex-Parte Order after 10 Notices Not Final: ITAT Remands ₹64.12 Lakh S. 69C Disallowance [Read Order] - Taxscan
2026-01-06,2026 LiveLaw (SC) 13 | S. Nagesh versus Shobha S. Aradhya - Live Law
2025-08-19,"Visit of External Affairs Minister Dr. S. Jaishankar to Russia (August 19-21, 2025) - Ministry of External Affairs"
2025-07-10,Mr Madhu S Nair - TERI
2026-01-11,Somalia defence minister alleges Israel plan to relocate Palestinians to Somaliland - ANI News
2025-08-16,Mahindra Freedom_NU: A Bold NU Automotive Vision - Mahindra Auto
2026-01-10,S Pacific: responsibility not influence - The Australian Naval Institute
2025-05-22,"Tata Altroz Accomplished Plus S DCA On Road Price (Petrol), Features & Specs, Images - CarDekho"
2025-05-22,"Tata Altroz Creative S AMT On Road Price (Petrol), Features & Specs, Images - CarDekho"
2025-05-22,"Tata Altroz Accomplished S CNG On Road Price, Features & Specs, Images - CarDekho"
2026-01-09,"Play 1,000s of nostalgic games with this $85 console - Mashable"
2026-01-09,S.319 CrPC | Can Summon Additional Accused Only On 'Evidence' Recorded In Trial; Case Diary Material Is... - Live Law
2025-10-27,EAM S. Jaishankar to Represent India at 20th East Asia Summit in Kuala Lumpur - News On AIR
2025-10-10,"EAM Dr. S. Jaishankar Meets Afghan Foreign Minister, Emphasises Counter-Terrorism Cooperation - News On AIR"
2026-01-11,S.48 UP Municipality Act | Allahabad High Court Explains Procedure To Be Adopted For Removal Of... - Live Law
2026-01-10,FBI’s Inquiry Into Minneapolis ICE Shooting Faces Doubts After White House’s Remarks - The New York Times
2026-01-11,"U.K.'s former ambassador to U.S. apologizes to Epstein's victims, not for his own ties - NBC News"
2026-01-11,Liverpool's Bradley out for season with knee injury - BBC
2026-01-09,‘JD(S)-BJP will win 150 seats’: Nikhil Kumaraswamy - Deccan Herald
2026-01-08,Obituary information for Dr. Henry S. Jordan - The McDougald Funeral Home
2026-01-10,Arms consignment dropped by drone seized near IB in J-K’s Samba - The Indian Express
